iter	RMSE
0	0.004444691252
1	0.004377013969
2	0.004305800482
3	0.004246571298
4	0.004191496747
5	0.004133668748
6	0.004080967747
7	0.004023254429
8	0.003968135067
9	0.003912784992
10	0.003873677939
11	0.003826615098
12	0.003774366273
13	0.003740392093
14	0.003690795997
15	0.00365034179
16	0.003600213185
17	0.003560966796
18	0.003519908734
19	0.003481475024
20	0.003442604376
21	0.00340360217
22	0.003366338806
23	0.003342263815
24	0.003299044189
25	0.003265531149
26	0.00323869762
27	0.00320491022
28	0.003172106434
29	0.003150173452
30	0.003127426072
31	0.003100599307
32	0.003078183592
33	0.003042209017
34	0.003017643307
35	0.002994367121
36	0.0029736324
37	0.002946705403
38	0.002919830841
39	0.002897483217
40	0.00287549513
41	0.0028510827
42	0.002820261285
43	0.002802004979
44	0.002782096155
45	0.002761687121
46	0.002740592511
47	0.002722424833
48	0.002711950564
49	0.002692622422
50	0.002667888814
51	0.002658097274
52	0.002637938132
53	0.00261689992
54	0.002599172321
55	0.00258771701
56	0.002572143826
57	0.002552472576
58	0.002530127371
59	0.002515983674
60	0.002505977061
61	0.002489350262
62	0.002469385448
63	0.002459873378
64	0.002448353596
65	0.002434306592
66	0.002424607295
67	0.002408807636
68	0.002400168148
69	0.002387936862
70	0.002378804606
71	0.00236699115
72	0.002351381816
73	0.0023409097
74	0.002329349787
75	0.002317395999
76	0.002302324457
77	0.002288233168
78	0.002282434475
79	0.00227481361
80	0.002266774255
81	0.002259126241
82	0.002250636417
83	0.002236429568
84	0.002226018198
85	0.002218464014
86	0.002208006961
87	0.002199180707
88	0.002193168793
89	0.002179200546
90	0.002174142864
91	0.002166238491
92	0.002154252599
93	0.002147187456
94	0.002139015222
95	0.002131197939
96	0.002125373216
97	0.002118190044
98	0.002104260176
99	0.002097965426
100	0.002088353776
101	0.002081691708
102	0.002073497772
103	0.002065953884
104	0.002059510555
105	0.002054276483
106	0.002045172709
107	0.002041129045
108	0.002030941711
109	0.002020350251
110	0.00200933134
111	0.00200214824
112	0.001994628995
113	0.001986149017
114	0.001982202159
115	0.001975104829
116	0.001968181253
117	0.001962247658
118	0.001959081182
119	0.001952990115
120	0.001948239959
121	0.001938478955
122	0.001930558406
123	0.001925399439
124	0.001918174383
125	0.001910244212
126	0.001900424413
127	0.001894900375
128	0.001886219171
129	0.001880082721
130	0.001875462468
131	0.001868963242
132	0.001865479115
133	0.001859838137
134	0.001852307334
135	0.001845801425
136	0.001840738036
137	0.0018336064
138	0.001829353752
139	0.001822127772
140	0.001815697018
141	0.001810484218
142	0.001804624649
143	0.001798091695
144	0.001796124291
145	0.001792018386
146	0.001786617575
147	0.001783348173
148	0.001779486124
149	0.001772188613
150	0.001768087894
151	0.001763131883
152	0.001761016791
153	0.001756304438
154	0.00175200664
155	0.001744514716
156	0.001741346365
157	0.001737578301
158	0.001732289678
159	0.001727385537
160	0.001721830545
161	0.0017146269
162	0.001709500685
163	0.001703774814
164	0.001701207283
165	0.001697427695
166	0.001692176013
167	0.001686775865
168	0.001682303595
169	0.001679850341
170	0.001675515056
171	0.001671893141
172	0.001665524324
173	0.00166014615
174	0.001655382588
175	0.001650780843
176	0.001646325046
177	0.00164163304
178	0.001636869912
179	0.001632557675
180	0.001627334393
181	0.001621740829
182	0.001616485897
183	0.001611499726
184	0.001607476263
185	0.001602342196
186	0.001599002084
187	0.001593549163
188	0.001587947377
189	0.001584102393
190	0.001581014722
191	0.001577406541
192	0.001573412974
193	0.001569149805
194	0.001565794794
195	0.001563829499
196	0.001561489795
197	0.001558878547
198	0.001555524958
199	0.00155175157
200	0.001547479976
201	0.001543600832
202	0.001540871014
203	0.001538324446
204	0.001533444682
205	0.001529095874
206	0.001527488275
207	0.001522896545
208	0.001518073987
209	0.001514237434
210	0.001510915838
211	0.001506866017
212	0.00150284326
213	0.001495486953
214	0.001491381091
215	0.001488533004
216	0.001484263681
217	0.001481168172
218	0.001477061817
219	0.001472331168
220	0.001469092587
221	0.001465711341
222	0.001460638126
223	0.001459426022
224	0.0014553006
225	0.001451435364
226	0.001446885044
227	0.001443512365
228	0.001439579023
229	0.001435541006
230	0.001432705071
231	0.001430086209
232	0.001426882028
233	0.001423071498
234	0.001419379231
235	0.001415612482
236	0.001413455938
237	0.001407769496
238	0.001406607741
239	0.001405290849
240	0.001402705614
241	0.001400818584
242	0.001398443499
243	0.001394778915
244	0.001392539345
245	0.001388454615
246	0.00138535572
247	0.001383333348
248	0.00138014956
249	0.001377264446
250	0.001373490288
251	0.001369982612
252	0.001366247359
253	0.001363367163
254	0.001361192256
255	0.001358241451
256	0.001354491316
257	0.00135058004
258	0.001349052415
259	0.001346615698
260	0.001344031806
261	0.001341728207
262	0.001338102031
263	0.001335385771
264	0.001332228115
265	0.001330296913
266	0.001327212086
267	0.001323064393
268	0.001320264781
269	0.001316036192
270	0.00131080002
271	0.001307072294
272	0.001303193796
273	0.001299050465
274	0.001296505566
275	0.001293131873
276	0.00128886574
277	0.001286364842
278	0.001283962442
279	0.001280337353
280	0.001278178839
281	0.001275590212
282	0.001272874423
283	0.001268743311
284	0.001265655411
285	0.001261533469
286	0.00126008742
287	0.001257934668
288	0.001255083659
289	0.001251177118
290	0.001248772001
291	0.001245972379
292	0.001241449761
293	0.001239604479
294	0.001236033057
295	0.001232797316
296	0.001230116429
297	0.001227423545
298	0.001224156871
299	0.001220878386
300	0.001217727704
301	0.001213475067
302	0.00121116057
303	0.001208844697
304	0.001205792483
305	0.00120259502
306	0.001200095055
307	0.001197542174
308	0.001195533126
309	0.00119211045
310	0.001189579024
311	0.001187844261
312	0.001185759645
313	0.001184092062
314	0.001181744968
315	0.001180578799
316	0.001177346321
317	0.001174425201
318	0.00117139031
319	0.00116930212
320	0.001167729085
321	0.001166276284
322	0.001164005382
323	0.001159267558
324	0.001156671981
325	0.001154151425
326	0.001150452835
327	0.00114970639
328	0.001146728438
329	0.001145042267
330	0.001142667157
331	0.001141858375
332	0.001139579475
333	0.001136373335
334	0.001134422282
335	0.001131689129
336	0.00113049157
337	0.001128812097
338	0.001126678825
339	0.001123909798
340	0.00112156534
341	0.001119989416
342	0.001117230286
343	0.001116175057
344	0.001113405279
345	0.001111613683
346	0.001110198631
347	0.001107631738
348	0.001103687705
349	0.001100187755
350	0.00109913447
351	0.001098083244
352	0.001096896652
353	0.001093502932
354	0.001091878805
355	0.001090001207
356	0.001087606944
357	0.001084241748
358	0.001083172051
359	0.001081973216
360	0.001080237825
361	0.001078151424
362	0.001076802303
363	0.001075336511
364	0.001074042694
365	0.001070200383
366	0.00106767116
367	0.001064826752
368	0.001061180207
369	0.001059172741
370	0.001057751021
371	0.001056858585
372	0.00105509666
373	0.001053111261
374	0.00105219792
375	0.001050105508
376	0.001048316653
377	0.001046654055
378	0.001045093145
379	0.001043069026
380	0.001041398899
381	0.001040602617
382	0.001038601717
383	0.001037293938
384	0.001036404744
385	0.001034988383
386	0.001032512977
387	0.001030098396
388	0.001029335584
389	0.001027012963
390	0.001025339265
391	0.001024472771
392	0.001024090732
393	0.00102264069
394	0.001021061621
395	0.001019344293
396	0.00101712725
397	0.001014362254
398	0.001013529523
399	0.001011462726
400	0.001009054096
401	0.001008316495
402	0.001004709355
403	0.001003741279
404	0.001002222244
405	0.001001673185
406	0.001000431432
407	0.0009985411654
408	0.0009961160362
409	0.0009941257407
410	0.0009910158357
411	0.0009900119551
412	0.0009890457862
413	0.0009868824965
414	0.0009849862211
415	0.0009835410855
416	0.0009820340267
417	0.0009813621971
418	0.0009795298994
419	0.0009782579459
420	0.0009776159675
421	0.0009769617957
422	0.0009763579506
423	0.000973985773
424	0.0009728815263
425	0.0009719694625
426	0.0009701779158
427	0.0009675477835
428	0.0009669108559
429	0.0009639862194
430	0.0009632346145
431	0.0009616768754
432	0.0009601504178
433	0.0009577856832
434	0.0009563072449
435	0.0009535953783
436	0.0009508676509
437	0.0009494096049
438	0.0009487051522
439	0.0009478088762
440	0.0009470469731
441	0.0009453656817
442	0.0009423990376
443	0.0009399740922
444	0.0009373304401
445	0.0009366501592
446	0.0009356217225
447	0.0009334880559
448	0.0009311425471
449	0.0009295336053
450	0.0009282334922
451	0.000926612179
452	0.0009249985871
453	0.0009231826493
454	0.000922347537
455	0.0009202063403
456	0.0009186547141
457	0.0009182240179
458	0.0009168425064
459	0.0009142538176
460	0.000913264074
461	0.0009118629898
462	0.000911039693
463	0.0009097745086
464	0.0009078461418
465	0.0009072600678
466	0.0009055062707
467	0.0009042776171
468	0.000903258587
469	0.0009016928355
470	0.0009009758154
471	0.0008998334189
472	0.0008989431504
473	0.0008972439122
474	0.0008953047114
475	0.0008944195568
476	0.0008935755788
477	0.0008928171351
478	0.0008917127984
479	0.0008904261278
480	0.0008888800053
481	0.0008874606021
482	0.0008870461196
483	0.0008863739557
484	0.0008844192652
485	0.0008822205969
486	0.0008818968539
487	0.0008807362842
488	0.000880071553
489	0.0008780662925
490	0.0008765691982
491	0.0008748729725
492	0.0008729070878
493	0.0008720281273
494	0.0008701684103
495	0.0008678701854
496	0.0008669419884
497	0.0008654071483
498	0.0008644430914
499	0.0008633856933
500	0.0008620959579
501	0.0008615221622
502	0.0008596876747
503	0.0008576973372
504	0.0008569203826
505	0.0008554952581
506	0.0008542262554
507	0.000851961313
508	0.0008508411087
509	0.0008503981572
510	0.000848685507
511	0.0008478312986
512	0.0008456428261
513	0.0008449083635
514	0.0008437209591
515	0.0008419621708
516	0.0008411555775
517	0.000840069123
518	0.0008382208285
519	0.0008371262
520	0.0008366391545
521	0.0008358017213
522	0.0008337252825
523	0.0008316493858
524	0.0008312950143
525	0.0008304854163
526	0.00082837261
527	0.0008277332505
528	0.0008254000269
529	0.0008238506526
530	0.0008226132366
531	0.0008217856273
532	0.000820329557
533	0.0008193934355
534	0.0008190458715
535	0.0008185487363
536	0.000816940101
537	0.0008153861752
538	0.0008143851235
539	0.000813602035
540	0.0008116974374
541	0.0008101300111
542	0.0008080113568
543	0.0008077949924
544	0.0008062667411
545	0.0008046264988
546	0.0008034105236
547	0.000802588308
548	0.0008012807074
549	0.0008001015014
550	0.0007980539309
551	0.0007971249721
552	0.0007966886984
553	0.0007958320429
554	0.0007951429203
555	0.0007943933586
556	0.0007927704478
557	0.0007916797401
558	0.0007903478865
559	0.0007889078704
560	0.0007886953902
561	0.000787184796
562	0.0007844578489
563	0.0007831260498
564	0.0007815796001
565	0.0007808937388
566	0.000779704982
567	0.0007784419852
568	0.0007772404108
569	0.0007759528007
570	0.0007749901828
571	0.000774506638
572	0.0007733744148
573	0.0007716852657
574	0.0007703381595
575	0.0007694965573
576	0.000767778695
577	0.000766853702
578	0.000765999564
579	0.0007652610937
580	0.0007629866798
581	0.0007628264771
582	0.0007614895448
583	0.0007604966006
584	0.0007592638524
585	0.0007585343833
586	0.000757463781
587	0.0007564081177
588	0.0007546184256
589	0.0007540866629
590	0.0007527817
591	0.0007518825382
592	0.0007510294155
593	0.0007507263734
594	0.0007497478137
595	0.0007485730482
596	0.0007475757285
597	0.0007471959256
598	0.0007445538923
599	0.000742926171
