isin,symbol,name,sector,industry,country,exchange,index,segment
DE0005545503,1U1,1&1 AG,Telecommunication,Wireless Communication,DE,XETRA + FRANKFURT,SDAX,Prime Standard
DE0005118806,TGT,11 88 0 SOLUTIONS AG,Telecommunication,Telecommunication Services,DE,XETRA + FRANKFURT,-,Prime Standard
DE0005167902,UUU,3U HOLDING AG,Industrial,Industrial Products & Services,DE,XETRA + FRANKFURT,-,Prime Standard
DE000A0Z23Q5,ADN1,ADESSO SE  INH O.N.,Software,IT-Services,DE,XETRA + FRANKFURT,-,Prime Standard
DE000A1EWWW0,ADS,ADIDAS AG NA O.N.,Consumer,Clothing & Footwear,DE,XETRA + FRANKFURT,DAX,Prime Standard
DE000A0WMPJ6,AIXA,AIXTRON SE NA O.N.,Technology,Semiconductors,DE,XETRA + FRANKFURT,MDAX,Prime Standard
DE0005110001,A1OS,ALL FOR ONE GROUP NA O.N.,Software,IT-Services,DE,XETRA + FRANKFURT,-,Prime Standard
DE000A0DPRE6,LNSX,Allane SE,Financial Services,Diversified Financial,DE,FRANKFURT,-,Prime Standard
DE0008404005,ALV,ALLIANZ SE NA O.N.,Insurance,Insurance,DE,XETRA + FRANKFURT,DAX,Prime Standard
DE000A2YNT30,ACT,ALZCHEM GROUP AG INH O.N.,Chemicals,"Chemicals, Specialty",DE,XETRA + FRANKFURT,SDAX,Prime Standard
DE0005093108,AAD,AMADEUS FIRE AG,Industrial,Industrial Products & Services,DE,XETRA + FRANKFURT,-,Prime Standard
DE000A289B07,ELB,Arzneiwerk AG VIDA,Technology,Communications Technology,DE,XETRA + FRANKFURT,-,Prime Standard
DE0005104400,AOF,ATOSS SOFTWARE SE,Software,Software,DE,XETRA + FRANKFURT,SDAX,Prime Standard
DE000A2DAM03,AAG,AUMANN AG  INH O.N.,Industrial,Industrial Machinery,DE,XETRA + FRANKFURT,-,Prime Standard
DE000AUM0V10,AMV0,AUMOVIO SE,Automobile,Auto Parts & Equipment,DE,XETRA + FRANKFURT,MDAX,Prime Standard
DE0006766504,NDA,AURUBIS AG,Basic Resources,Steel & Other Metals,DE,XETRA + FRANKFURT,MDAX,Prime Standard
DE000A2LQ884,AG1,AUTO1 GROUP SE,Retail,"Retail, Internet",DE,XETRA + FRANKFURT,MDAX,Prime Standard
DE000BASF111,BAS,BASF SE NA O.N.,Chemicals,"Chemicals, Specialty",DE,XETRA + FRANKFURT,DAX,Prime Standard
DE0005102008,BSL,BASLER AG O.N.,Industrial,Advanced Industrial Equipment,DE,XETRA + FRANKFURT,SDAX,Prime Standard
DE000A1X3YY0,BST,BASTEI LUEBBE AG  O.N.,Media,Publishing & Printing,DE,XETRA + FRANKFURT,-,Prime Standard
DE0005190003,BMW,BAY.MOTOREN WERKE AG ST,Automobile,Automobile Manufacturers,DE,XETRA + FRANKFURT,DAX,Prime Standard
DE000BAY0017,BAYN,BAYER AG NA O.N.,Pharma & Healthcare,Pharmaceuticals,DE,XETRA + FRANKFURT,DAX,Prime Standard
DE0005194005,BYW,BAYWA AG NA O.N.,Industrial,"Industrial, Diversified",DE,XETRA + FRANKFURT,-,Prime Standard
DE0005194062,BYW6,BAYWA AG VINK.NA. O.N.,Industrial,"Industrial, Diversified",DE,XETRA + FRANKFURT,-,Prime Standard
DE0005158703,BC8,BECHTLE AG O.N.,Software,IT-Services,DE,XETRA + FRANKFURT,MDAX,Prime Standard
DE0005200000,BEI,BEIERSDORF AG O.N.,Consumer,Personal Products,DE,XETRA + FRANKFURT,DAX,Prime Standard
DE0005232805,BDT,BERTRANDT AG O.N.,Industrial,Industrial Products & Services,DE,XETRA + FRANKFURT,-,Prime Standard
DE000A0DNAY5,ACX,BET-AT-HOME.COM AG O.N.,Retail,"Retail, Internet",DE,XETRA + FRANKFURT,-,Prime Standard
DE000A3CQ7F4,BIKE,BIKE24 HOLDING AG,Retail,"Retail, Internet",DE,XETRA + FRANKFURT,-,Prime Standard
DE0005909006,GBF,BILFINGER SE O.N.,Industrial,Industrial Products & Services,DE,XETRA + FRANKFURT,MDAX,Prime Standard
DE000A4BGGM7,B8F,BIOFRONTERA AG NA O.N.,Pharma & Healthcare,Pharmaceuticals,DE,XETRA + FRANKFURT,-,Prime Standard
DE0005493092,BVB,BORUSSIA DORTMUND,Media,Movies & Entertainment,DE,XETRA + FRANKFURT,-,Prime Standard
DE0005203947,BNN,BRAIN BIOTECH AG,Chemicals,"Chemicals, Specialty",DE,XETRA + FRANKFURT,-,Prime Standard
DE000A1X3XX4,BRK,BRANICKS Group AG,Financial Services,Real Estate,DE,XETRA + FRANKFURT,-,Prime Standard
DE000A1DAHH0,BNR,BRENNTAG SE,Industrial,Industrial Products & Services,DE,XETRA + FRANKFURT,DAX,Prime Standard
DE000A2GSU42,BKHT,BROCKHAUS TECHNOLOGIES AG,Financial services,Diversified Financial,DE,XETRA + FRANKFURT,-,Prime Standard
DE0005419105,COK,CANCOM SE O.N.,Software,IT-Services,DE,XETRA + FRANKFURT,SDAX,Prime Standard
DE0005313704,AFX,CARL ZEISS MEDITEC AG,Pharma & Healthcare,Medical Technology,DE,XETRA + FRANKFURT,SDAX,Prime Standard
DE0007257503,CEC,CECONOMY AG  ST O.N.,Retail,"Retail, Specialty",DE,XETRA + FRANKFURT,-,Prime Standard
DE0005403901,CWC,CEWE STIFTUNG KGAA  O.N.,Consumer,Leisure,DE,XETRA + FRANKFURT,SDAX,Prime Standard
DE000A41YFJ9,C3RY,CHERRY SE,Technology,Electronic Components & Hardware,DE,XETRA + FRANKFURT,-,Prime Standard
DE000CBK1001,CBK,COMMERZBANK AG,Banks,Credit Banks,DE,XETRA + FRANKFURT,DAX,Prime Standard
DE0005439004,CON,CONTINENTAL AG O.N.,Automobile,Auto Parts & Equipment,DE,XETRA + FRANKFURT,DAX,Prime Standard
DE0005470306,EVD,CTS EVENTIM KGAA,Media,Movies & Entertainment,DE,XETRA + FRANKFURT,MDAX,Prime Standard
DE000DTR0CK8,DTG,DAIMLER TRUCK HOLDING AG,Industrial,Heavy Machinery,DE,XETRA + FRANKFURT,DAX,Prime Standard
DE0005498901,DAM,DATA MODUL AG O.N.,Technology,Electronic Components & Hardware,DE,XETRA + FRANKFURT,-,Prime Standard
DE000A2E4K43,DHER,DELIVERY HERO SE NA O.N.,Retail,"Retail, Internet",DE,XETRA + FRANKFURT,MDAX,Prime Standard
DE0005146807,DEX,DELTICOM AG  NA O.N.,Retail,"Retail, Internet",DE,XETRA + FRANKFURT,-,Prime Standard
DE000A0XFSF0,DMRE,DEMIRE DEUTSCHE MITTELSTAND REAL ESTATE AG,Financial Services,Real Estate,DE,XETRA + FRANKFURT,-,Prime Standard
DE000A2GS5D8,DMP,DERMAPHARM HOLDING INH O.N.,Pharma & Healthcare,Pharmaceuticals,DE,XETRA + FRANKFURT,SDAX,Prime Standard
DE0005140008,DBK,DEUTSCHE BANK AG NA O.N.,Banks,Credit Banks,DE,XETRA + FRANKFURT,DAX,Prime Standard
DE0005810055,DB1,DEUTSCHE BOERSE NA O.N.,Financial Services,Securities Brokers,DE,XETRA + FRANKFURT,DAX,Prime Standard
DE0007480204,DEQ,DEUTSCHE EUROSHOP NA O.N.,Financial Services,Real Estate,DE,XETRA + FRANKFURT,SDAX,Prime Standard
DE0005552004,DHL,DEUTSCHE POST AG NA O.N.,Transportation & Logistics,Logistics,DE,XETRA + FRANKFURT,DAX,Prime Standard
DE0006305006,DEZ,DEUTZ AG O.N.,Industrial,Industrial Machinery,DE,XETRA + FRANKFURT,MDAX,Prime Standard
DE0005878003,GIL,DMG MORI AG O.N.,Industrial,Industrial Machinery,DE,XETRA + FRANKFURT,-,Prime Standard
DE000BEAU1Y4,DOU,DOUGLAS AG,Retail,"Retail, Specialty",DE,XETRA + FRANKFURT,SDAX,Prime Standard
DE0005550602,DRW8,DRAEGERWERK ST.A.O.N.,Pharma & Healthcare,Medical Technology,DE,XETRA + FRANKFURT,-,Prime Standard
DE0005550636,DRW3,DRAEGERWERK VZO O.N.,Pharma & Healthcare,Medical Technology,DE,XETRA + FRANKFURT,SDAX,Prime Standard
DE000A14KRD3,DKG,DT. Konsum Real Estae AG,Financial Services,Real Estate,DE,XETRA + FRANKFURT,-,Prime Standard
DE000A1TNUT7,DBAN,DT.BETEILIG.AG NA O.N.,Financial Services,Private Equity & Venture Capital,DE,XETRA + FRANKFURT,SDAX,Prime Standard
DE0008019001,PBB,DT.PFANDBRIEFBK AG,Banks,Credit Banks,DE,XETRA + FRANKFURT,SDAX,Prime Standard
DE0005557508,DTE,DT.TELEKOM AG NA,Telecommunication,Telecommunication Services,DE,XETRA + FRANKFURT,DAX,Prime Standard
DE0005565204,DUE,DUERR AG O.N.,Industrial,Industrial Machinery,DE,XETRA + FRANKFURT,SDAX,Prime Standard
DE000DWS1007,DWS,DWS GROUP GMBH+CO.KGAA ON,Financial Services,Diversified Financial,DE,XETRA + FRANKFURT,MDAX,Prime Standard
DE000ENAG999,EOAN,E.ON SE NA O.N.,Utilities,Multi-Utilities,DE,XETRA + FRANKFURT,DAX,Prime Standard
DE0005659700,EUZ,ECKERT+ZIEGLER SE O.N.,Pharma & Healthcare,Medical Technology,DE,XETRA + FRANKFURT,SDAX,Prime Standard
DE000A40ESU3,EIN3,EINHELL GERMANY VZO O.N.,Consumer,Home Construction & Furnishings,DE,XETRA + FRANKFURT,SDAX,Prime Standard
DE0005677108,ELG,ELMOS SEMICONDUCTOR INH O.N.,Technology,Semiconductors,DE,XETRA + FRANKFURT,MDAX,Prime Standard
DE0007856023,ZIL2,ELRINGKLINGER AG NA O.N.,Automobile,Auto Parts & Equipment,DE,XETRA + FRANKFURT,-,Prime Standard
DE000A11Q059,ELB,ELUMEO SE,Retail,"Retail, Internet",DE,XETRA + FRANKFURT,-,Prime Standard
DE000EVNK013,EVK,EVONIK INDUSTRIES AG NA O.N.,Chemicals,"Chemicals, Specialty",DE,XETRA + FRANKFURT,MDAX,Prime Standard
DE0005664809,EVT,EVOTEC SE  INH O.N.,Pharma & Healthcare,Biotechnology,DE,XETRA + FRANKFURT,SDAX,Prime Standard
DE000A0BL849,V3V,FAMICORD AG,Pharma & Healthcare,Healthcare,DE,XETRA + FRANKFURT,-,Prime Standard
DE0005772206,FIE,FIELMANN AG O.N.,Retail,"Retail, Specialty",DE,XETRA + FRANKFURT,SDAX,Prime Standard
DE0007201907,SIS,FIRST SENSOR AG O.N.,Technology,Semiconductors,DE,XETRA + FRANKFURT,-,Prime Standard
DE000FTG1111,FTK,FLATEXDEGIRO SE,Financial Services,Securities Brokers,DE,XETRA + FRANKFURT,MDAX,Prime Standard
DE000A1EWVY8,FYB,FORMYCON AG,Pharma & Healthcare,Biotechnology,DE,XETRA + FRANKFURT,-,Prime Standard
DE0005774103,FEV,FORTEC ELEKTRO. O.N.,Technology,Electronic Components & Hardware,DE,XETRA + FRANKFURT,-,Prime Standard
DE0005773303,FRA,FRAPORT AG,Transportation & Logistics,Transportation Services,DE,XETRA + FRANKFURT,MDAX,Prime Standard
DE000A0Z2ZZ5,FNTN,FREENET AG NA O.N.,Telecommunication,Wireless Communication,DE,XETRA + FRANKFURT,MDAX,Prime Standard
DE0005785802,FME,FRESENIUS MEDICAL CARE AG O.N.,Pharma & Healthcare,Health Care,DE,XETRA + FRANKFURT,DAX,Prime Standard
DE0005785604,FRE,FRESENIUS SE+CO.KGAA O.N.,Pharma & Healthcare,Health Care,DE,XETRA + FRANKFURT,DAX,Prime Standard
DE000A255F11,VH2,FRIEDRICH VORWERK GROUP SE,Industrial,Industrial Products & Services,DE,XETRA + FRANKFURT,SDAX,Prime Standard
DE000A3E5D56,FPE,FUCHS SE O.N.,Chemicals,"Chemicals, Specialty",DE,XETRA + FRANKFURT,MDAX,Prime Standard
DE000A3E5D64,FPE3,FUCHS SE VZO O.N.,Chemicals,"Chemicals, Specialty",DE,XETRA + FRANKFURT,-,Prime Standard
DE000A0JJTG7,GTY,GATEWAY R.EST.AG O.N.,Financial Services,Real Estate,DE,XETRA + FRANKFURT,-,Prime Standard
DE0006602006,G1A,GEA GROUP AG,Industrial,Industrial Machinery,DE,XETRA + FRANKFURT,DAX,Prime Standard
DE000A0LD6E6,GXI,GERRESHEIMER AG,Pharma & Healthcare,Health Care,DE,XETRA + FRANKFURT,-,Prime Standard
DE000A1K0201,GSC1,GESCO SE NA O.N.,Industrial,"Industrial, Diversified",DE,XETRA + FRANKFURT,-,Prime Standard
DE0005800601,GFT,GFT TECHNOLOGIES SE,Software,IT-Services,DE,XETRA + FRANKFURT,SDAX,Prime Standard
DE0005895403,GMM,GRAMMER AG O.N.,Automobile,Auto Parts & Equipment,DE,XETRA + FRANKFURT,-,Prime Standard
DE000A161N30,GLJ,GRENKE AG NA O.N.,Financial Services,Diversified Financial,DE,XETRA + FRANKFURT,SDAX,Prime Standard
DE000A2E4T77,2HRA,H+R KGAA  INH. O.N.,Chemicals,"Chemicals, Specialty",DE,XETRA + FRANKFURT,-,Prime Standard
DE000A3H2333,HABA,HAMBORNER REIT AG O.N.,Financial Services,Real Estate,DE,XETRA + FRANKFURT,SDAX,Prime Standard
DE000A0S8488,HHFA,HAMBURGER HAFEN UND LOGISTIK A-SP NA,Transportation & Logistics,Transportation Services,DE,XETRA + FRANKFURT,-,Prime Standard
DE0008402215,HNR1,HANNOVER RUECK SE NA O.N.,Insurance,Re-Insurance,DE,XETRA + FRANKFURT,DAX,Prime Standard
DE000HLAG475,HLAG,HAPAG-LLOYD AG NA O.N.,Transportation & Logistics,Logistics,DE,XETRA + FRANKFURT,-,Prime Standard
DE0006042708,HAW,HAWESKO HOLDING SE,Retail,"Retail, Food & Drug",DE,XETRA + FRANKFURT,-,Prime Standard
DE0006047004,HEI,HEIDELBERG MATERIALS AG O.N.,Construction,Building Materials,DE,XETRA + FRANKFURT,DAX,Prime Standard
DE000A11QVV0,HPHA,HEIDELBERG PHARMA AG O.N.,Pharma & Healthcare,Biotechnology,DE,XETRA + FRANKFURT,-,Prime Standard
DE0007314007,HDD,HEIDELBERGER DRUCKMASCHINEN AG .O.N.,Industrial,Industrial Machinery,DE,XETRA + FRANKFURT,SDAX,Prime Standard
DE000A13SX22,HLE,HELLA GMBH+CO.KGAA,Automobile,Auto Parts & Equipment,DE,XETRA + FRANKFURT,MDAX,Prime Standard
DE000A161408,HFG,HELLOFRESH SE  INH O.N.,Retail,"Retail, Internet",DE,XETRA + FRANKFURT,SDAX,Prime Standard
DE0006048408,HEN,HENKEL AG+CO.KGAA ST O.N.,Consumer,Personal Products,DE,XETRA + FRANKFURT,-,Prime Standard
DE0006048432,HEN3,HENKEL AG+CO.KGAA VZO,Consumer,Personal Products,DE,XETRA + FRANKFURT,DAX,Prime Standard
DE000HAG0005,HAG,HENSOLDT AG NA O.N.,Industrial,Advanced Industrial Equipment,DE,XETRA + FRANKFURT,MDAX,Prime Standard
DE000A3CMGN3,A3CMGN,HGEARS AG,Automobile,Auto Parts & Equipment,DE,XETRA + FRANKFURT,-,Prime Standard
DE0006070006,HOT,HOCHTIEF AG,Construction,Construction & Engineering,DE,XETRA + FRANKFURT,DAX,Prime Standard
DE0005157101,HNL,HOENLE AG,Industrial,Advanced Industrial Equipment,DE,XETRA + FRANKFURT,-,Prime Standard
DE0006083405,HBH,HORNBACH HOLDING ST O.N.,Retail,"Retail, Specialty",DE,XETRA + FRANKFURT,SDAX,Prime Standard
DE000A1PHFF7,BOSS,HUGO BOSS AG NA O.N.,Consumer,Clothing & Footwear,DE,XETRA + FRANKFURT,MDAX,Prime Standard
DE0005493365,HYQ,HYPOPORT SE  NA O.N.,Financial Services,Diversified Financial,DE,XETRA + FRANKFURT,SDAX,Prime Standard
DE0006200108,INH,INDUS HOLDING AG,Industrial,"Industrial, Diversified",DE,XETRA + FRANKFURT,SDAX,Prime Standard
DE0006231004,IFX,INFINEON TECH.AG NA O.N.,Technology,Semiconductors,DE,XETRA + FRANKFURT,DAX,Prime Standard
DE0005759807,IXX,INIT INNOVATION O.N.,Software,Software,DE,XETRA + FRANKFURT,SDAX,Prime Standard
DE000A2NBX80,INS,INSTONE REAL ESTATE GROUP SE,Financial Services,Real Estate,DE,XETRA + FRANKFURT,-,Prime Standard
DE000A254211,ISH2,INTERSHOP COMMUNICATIONS INH O.N.,Software,Software,DE,XETRA + FRANKFURT,-,Prime Standard
DE0005874846,IS7,INTICA SYSTEMS SE,Technology,Electronic Components & Hardware,DE,XETRA + FRANKFURT,-,Prime Standard
DE000A3E00M1,IOS,IONOS GROUP SE NA O.N.,Software,Internet,DE,XETRA + FRANKFURT,MDAX,Prime Standard
DE0007448508,IVU,IVU TRAFFIC TECHN.AG O.N.,Software,Software,DE,XETRA + FRANKFURT,-,Prime Standard
DE000A2NB601,JEN,JENOPTIK AG  NA O.N.,Industrial,Advanced Industrial Equipment,DE,XETRA + FRANKFURT,MDAX,Prime Standard
DE000JST4000,JST,JOST WERKE SE INH.   O.N.,Automobile,Auto Parts & Equipment,DE,XETRA + FRANKFURT,SDAX,Prime Standard
DE0006219934,JUN3,JUNGHEINRICH AG O.N.VZO,Industrial,Industrial Machinery,DE,XETRA + FRANKFURT,SDAX,Prime Standard
DE000KSAG888,SDF,K+S AG NA O.N.,Chemicals,"Chemicals, Commodity",DE,XETRA + FRANKFURT,MDAX,Prime Standard
DE000KGX8881,KGX,KION GROUP AG,Industrial,Industrial Machinery,DE,XETRA + FRANKFURT,MDAX,Prime Standard
DE000KC01000,KCO,KLOECKNER + CO SE NA O.N.,Industrial,Industrial Products & Services,DE,XETRA + FRANKFURT,SDAX,Prime Standard
DE000A2YN504,KTA,KNAUS TABBERT AG NA O.N.,Automobile,Automobile Manufacturers,DE,XETRA + FRANKFURT,-,Prime Standard
DE000KBX1006,KBX,KNORR-BREMSE AG  INH O.N.,Industrial,"Industrial, Machinery",DE,XETRA + FRANKFURT,MDAX,Prime Standard
DE0007193500,SKB,KOENIG + BAUER AG ST O.N.,Industrial,Industrial Machinery,DE,XETRA + FRANKFURT,-,Prime Standard
DE0006335003,KRN,KRONES AG O.N.,Industrial,Industrial Machinery,DE,XETRA + FRANKFURT,MDAX,Prime Standard
DE0006292006,KSB,KSB SE+CO.KGAA  ST O.N.,Industrial,Industrial Machinery,DE,XETRA + FRANKFURT,-,Prime Standard
DE0006292030,KSB3,KSB SE+CO.KGAA VZO O.N.,Industrial,Industrial Machinery,DE,XETRA + FRANKFURT,SDAX,Prime Standard
DE0007074007,KWS,KWS SAAT KGAA  INH O.N.,Food & Beverages,Food,DE,XETRA + FRANKFURT,SDAX,Prime Standard
DE0005470405,LXS,LANXESS AG,Chemicals,"Chemicals, Specialty",DE,XETRA + FRANKFURT,MDAX,Prime Standard
DE000LEG1110,LEG,LEG IMMOBILIEN SE,Financial Services,Real Estate,DE,XETRA + FRANKFURT,MDAX,Prime Standard
DE0006464506,LEI,LEIFHEIT AG O.N.,Consumer,Household Appliances & Housewares,DE,XETRA + FRANKFURT,-,Prime Standard
DE0006450000,LPK,LPKF LASER+ELECTRONICS SE,Industrial,Advanced Industrial Equipment,DE,XETRA + FRANKFURT,SDAX,Prime Standard
DE0005199905,ECK,LUDW.BECK A.RATHAUSECK,Retail,"Retail, Multiline",DE,XETRA + FRANKFURT,-,Prime Standard
DE0008232125,LHA,LUFTHANSA AG VNA O.N.,Transportation & Logistics,Airlines,DE,XETRA + FRANKFURT,MDAX,Prime Standard
DE0005492938,MZX,MASTERFLEX O.N.,Industrial,Industrial Products & Services,DE,XETRA + FRANKFURT,-,Prime Standard
DE000A0ETBQ4,MBB,MBB SE O.N.,Industrial,"Industrial, Diversified",DE,XETRA + FRANKFURT,SDAX,Prime Standard
DE0006595101,MED,MEDICLIN AG,Pharma & Healthcare,Health Care,DE,XETRA + FRANKFURT,-,Prime Standard
DE000A1MMCC8,ILM1,MEDIOS AG  O.N.,Pharma & Healthcare,Pharmatceuticals,DE,XETRA + FRANKFURT,SDAX,Prime Standard
DE0007100000,MBG,MERCEDES BENZ GROUP AG,Automobile,Automobile Manufacturers,DE,XETRA + FRANKFURT,DAX,Prime Standard
DE0006599905,MRK,MERCK KGAA O.N.,Pharma & Healthcare,Pharmatceuticals,DE,XETRA + FRANKFURT,DAX,Prime Standard
DE000A3CSAE2,MRX,MISTER SPEX SE,Retail,"Retail, Internet",DE,XETRA + FRANKFURT,-,Prime Standard
DE0006569908,MLP,MLP SE  INH. O.N.,Financial Services,Diversified Financial,DE,XETRA + FRANKFURT,SDAX,Prime Standard
DE000A0D9PT0,MTX,MTU AERO ENGINES NA O.N.,Industrial,Heavy Machinery,DE,XETRA + FRANKFURT,DAX,Prime Standard
DE0008430026,MUV2,MUENCH.RUECKVERSICHERUNGS GESELLSCHAFT.VNA O.N.,Insurance,Re-Insurance,DE,XETRA + FRANKFURT,DAX,Prime Standard
DE000A2NB650,MUX,MUTARES KGAA  NA O.N.,Financial Services,Private Equity & Venture Capital,DE,XETRA + FRANKFURT,SDAX,Prime Standard
DE000A0H52F5,MVV1,MVV ENERGIE AG NA O.N.,Utilities,Multi-Utilities,DE,XETRA + FRANKFURT,-,Prime Standard
DE000A3H2200,NA9,NAGARRO SE  NA O.N.,Software,IT-Services,DE,XETRA + FRANKFURT,SDAX,Prime Standard
DE0006452907,NEM,NEMETSCHEK SE O.N.,Software,Software,DE,XETRA + FRANKFURT,MDAX,Prime Standard
DE000A0N4N52,NFN,NFON AG  INH O.N.,Telecommunication,Wireless Telecommunication,DE,XETRA + FRANKFURT,-,Prime Standard
DE000A0D6554,NDX1,NORDEX SE O.N.,Industrial,Renewable Energies,DE,XETRA + FRANKFURT,MDAX,Prime Standard
DE000A1H8BV3,NOEJ,NORMA GROUP SE NA O.N.,Industrial,Industrial Products & Services,DE,XETRA + FRANKFURT,SDAX,Prime Standard
DE0005936124,OHB,OHB SE   O.N.,Technology,Communications Technology,DE,XETRA + FRANKFURT,-,Prime Standard
DE000BCK2223,OBCK,Ottobock SE & Co. KGaA,Pharma & Healthcare,Medical Equipment,DE,XETRA + FRANKFURT,SDAX,Prime Standard
DE0006286560,O4B,OVB HOLDING AG,Financial Services,Diversified Financial,DE,XETRA + FRANKFURT,-,Prime Standard
DE0005558696,PGN,PARAGON KGAA  INH O.N.,Automobile,Auto Parts & Equipment,DE,XETRA + FRANKFURT,-,Prime Standard
DE000PAT1AG3,PAT,PATRIZIA SE NA ON,Financial Services,Real Estate,DE,XETRA + FRANKFURT,SDAX,Prime Standard
DE000A40AEG0,PTP,Pentixapharm Holding AG,Pharma & Healthcare,Biotechnology,DE,XETRA + FRANKFURT,-,Prime Standard
DE000A0JBPG2,PNE3,PNE AG  NA O.N.,Industrial,Renewable Energies,DE,XETRA + FRANKFURT,SDAX,Prime Standard
DE000PAG9113,P911,Porsche AG Vz,Automobile,Automobile Manufacturers,DE,XETRA + FRANKFURT,MDAX,Prime Standard
DE0006223407,PCZ,PROCREDIT HOLDING AG NA EO 5,Banks,Credit Banks,DE,XETRA + FRANKFURT,-,Prime Standard
DE000PSM7770,PSM,PROSIEBENSAT.1 MEDIA SE  NA O.N.,Media,Broadcasting,DE,XETRA + FRANKFURT,-,Prime Standard
DE000A0Z1JH9,PSAN,PSI SOFTWARE SE,Software,Software,DE,XETRA + FRANKFURT,-,Prime Standard
DE0006969603,PUM,PUMA SE,Consumer,Clothing & Footwear,DE,XETRA + FRANKFURT,MDAX,Prime Standard
DE0007461006,TPE,PVA TEPLA AG O.N.,Industrial,Advanced Industrial Equipment,DE,XETRA + FRANKFURT,SDAX,Prime Standard
DE0006968001,PWO,PWO AG,Automobile,Auto Parts & Equipment,DE,XETRA + FRANKFURT,-,Prime Standard
DE000A41YDG0,QSC,Q.BEYOND AG NA O.N.,Software,IT-Services,DE,XETRA + FRANKFURT,-,Prime Standard
DE000A1PHBB5,RSL2,R. STAHL AG NA O.N.,Industrial,Industrial Products & Services,DE,XETRA + FRANKFURT,-,Prime Standard
DE0007010803,RAA,RATIONAL AG,Industrial,Industrial Products & Services,DE,XETRA + FRANKFURT,MDAX,Prime Standard
DE000RENK730,R3NK,RENK GROUP AG,Industrial,Industrial Machinery,DE,XETRA + FRANKFURT,MDAX,Prime Standard
DE0007030009,RHM,RHEINMETALL AG,Industrial,Heavy Machinery,DE,XETRA + FRANKFURT,DAX,Prime Standard
DE0007042301,RHK,RHOEN-KLINIKUM O.N.,Pharma & Healthcare,Health Care,DE,XETRA + FRANKFURT,-,Prime Standard
DE0007037129,RWE,RWE AG   INH O.N.,Utilities,Multi-Utilities,DE,XETRA + FRANKFURT,DAX,Prime Standard
DE000SAFH001,SFQ,SAF HOLLAND SE  INH EO 1,Automobile,Auto Parts & Equipment,DE,XETRA + FRANKFURT,SDAX,Prime Standard
DE0006202005,SZG,SALZGITTER AG O.N.,Basic Resources,Steel & Other Metals,DE,XETRA + FRANKFURT,MDAX,Prime Standard
DE0007164600,SAP,SAP SE O.N.,Software,Software,DE,XETRA + FRANKFURT,DAX,Prime Standard
DE0007165607,SRT,SARTORIUS AG O.N.,Pharma & Healthcare,Biotechnology,DE,XETRA + FRANKFURT,MDAX,Prime Standard
DE0007165631,SRT3,SARTORIUS AG VZO O.N.,Pharma & Healthcare,Biotechnology,DE,XETRA + FRANKFURT,-,Prime Standard
DE000SHA0100,SHA,SCHAEFFLER AG NA O.N.,Automobile,Auto Parts & Equipment,DE,XETRA + FRANKFURT,MDAX,Prime Standard
DE000A3ENQ51,1SXP,SCHOTT Pharma AG & Co. KGaA,Pharma & Healthcare,HealthCare,DE,XETRA + FRANKFURT,SDAX,Prime Standard
DE000A12DM80,G24,SCOUT24 AG NA O.N.,Retail,"Retail, Internet",DE,XETRA + FRANKFURT,DAX,Prime Standard
DE0007276503,YSN,SECUNET SECURITY AG O.N.,Software,IT-Services,DE,XETRA + FRANKFURT,SDAX,Prime Standard
DE000A2G8X31,SJJ,SERVICEWARE SE  INH O.N.,Software,Software,DE,XETRA + FRANKFURT,-,Prime Standard
DE0007568578,F3C,SFC ENERGY AG,Industrial,Renewable Energies,DE,XETRA + FRANKFURT,SDAX,Prime Standard
DE0007235301,SGL,SGL CARBON SE O.N.,Chemicals,"Chemicals, Specialty",DE,XETRA + FRANKFURT,-,Prime Standard
DE0007236101,SIE,SIEMENS AG  NA O.N.,Industrial,"Industrial, Diversified",DE,XETRA + FRANKFURT,DAX,Prime Standard
DE000ENER6Y0,ENR,SIEMENS ENERGY AG NA O.N.,Industrial,"Industrial, Diversified",DE,XETRA + FRANKFURT,DAX,Prime Standard
DE000SHL1006,SHL,SIEMENS HEALTH.AG NA O.N.,Pharma & Healthcare,Medical Technology,DE,XETRA + FRANKFURT,DAX,Prime Standard
DE000WAF3001,WAF,SILTRONIC AG NA O.N.,Technology,Semiconductors,DE,XETRA + FRANKFURT,MDAX,Prime Standard
DE0007231326,SIX2,SIXT SE ST O.N.,Transportation & Logistics,Transportation Services,DE,XETRA + FRANKFURT,SDAX,Prime Standard
DE0007231334,SIX3,SIXT SE VZO O.N.,Transportation & Logistics,Transportation Services,DE,XETRA + FRANKFURT,-,Prime Standard
DE000A0DJ6J9,S92,SMA SOLAR TECHNOL.AG,Industrial,Renewable Energies,DE,XETRA + FRANKFURT,SDAX,Prime Standard
DE000A3DRAE2,S188,SMT Scharf AG,Industrial,Heavy Machinery,DE,XETRA + FRANKFURT,-,Prime Standard
DE0007203705,SHF,SNP SCHNEIDER-NEUREITHER O.N.,Software,IT-Services,DE,XETRA + FRANKFURT,-,Prime Standard
DE0005178008,SYT,SOFTING AG O.N.,Software,IT- Services,DE,XETRA + FRANKFURT,-,Prime Standard
DE000SPG1003,SPG,Springer Nature AG & Co. KGaA,Media,Publishing & Printing,DE,XETRA + FRANKFURT,SDAX,Prime Standard
DE000STAB1L8,STM,"STABILUS SE INH. EO-,01",Industrial,Industrial Machinery,DE,XETRA + FRANKFURT,SDAX,Prime Standard
DE000STRA555,SBS,STRATEC SE  NA O.N.,Pharma & Healthcare,Medical Technology,DE,XETRA + FRANKFURT,-,Prime Standard
DE0007493991,SAX,STROEER SE + CO. KGAA,Media,Advertising,DE,XETRA + FRANKFURT,SDAX,Prime Standard
DE0007297004,SZU,SUEDZUCKER AG  O.N.,Food & Beverages,Food,DE,XETRA + FRANKFURT,SDAX,Prime Standard
DE0005176903,SUR,SURTECO GROUP SE INH O.N.,Consumer,Home Construction & Furnishings,DE,XETRA + FRANKFURT,-,Prime Standard
DE000A1K0235,SMHN,SUSS MicroTec SE,Technology,Semiconductors,DE,XETRA + FRANKFURT,MDAX,Prime Standard
DE000SYM9999,SY1,SYMRISE AG INH. O.N.,Chemicals,"Chemicals, Specialty",DE,XETRA + FRANKFURT,DAX,Prime Standard
DE0005104806,SYZ,SYZYGY AG O.N.,Media,Advertising,DE,XETRA + FRANKFURT,-,Prime Standard
DE0008303504,TEG,TAG IMMOBILIEN AG,Financial Services,Real Estate,DE,XETRA + FRANKFURT,MDAX,Prime Standard
DE0007446007,TTK,TAKKT AG O.N.,Industrial,Industrial Products & Services,DE,XETRA + FRANKFURT,-,Prime Standard
DE000TLX1005,TLX,TALANX AG NA O.N.,Insurance,Re-Insurance,DE,XETRA + FRANKFURT,MDAX,Prime Standard
DE000A2YN900,TMV,TEAMVIEWER SE  INH O.N.,Software,Software,DE,XETRA + FRANKFURT,SDAX,Prime Standard
DE000A0XYGA7,TTR1,TECHNOTRANS SE NA O.N.,Industrial,Advanced Industrial Equipment,DE,XETRA + FRANKFURT,-,Prime Standard
DE0007500001,TKA,THYSSENKRUPP AG O.N.,Industrial,"Industrial, Diversified",DE,XETRA + FRANKFURT,MDAX,Prime Standard
DE000NCA0001,NCH2,THYSSENKRUPP NUCERA AG & KGAA,Industrial,Renewable Energies,DE,XETRA + FRANKFURT,-,Prime Standard
DE000TKMS001,TKMS,TKMS AG + CO. KGAA O.N.,Industrial,Heavy Machinery,DE,XETRA + FRANKFURT,MDAX,Prime Standard
DE000TRAT0N7,8TRA,TRATON SE   INH O.N.,Industrial,Heavy Machinery,DE,XETRA + FRANKFURT,MDAX,Prime Standard
DE000TUAG505,TUI1,TUI AG,Consumer,Leisure,DE,XETRA + FRANKFURT,MDAX,Prime Standard
DE000UNSE026,UN01,UNIPER SE  NA O.N.,Utilities,Multi-Utilities,DE,XETRA + FRANKFURT,-,Prime Standard
DE0005489561,ULC,UNITED LABELS O.N.,Retail,"Retail, Specialty",DE,XETRA + FRANKFURT,-,Prime Standard
DE0005089031,UTDI,UTD.INTERNET AG NA,Telecommunication,Telecommunication Services,DE,XETRA + FRANKFURT,MDAX,Prime Standard
DE000A0JL9W6,VBK,VERBIO SE ON,Industrial,Renewable Energies,DE,XETRA + FRANKFURT,SDAX,Prime Standard
DE0007657231,VIB3,VILLEROY + BOCH AG VZ,Consumer,Household Appliances & Housewares,DE,XETRA + FRANKFURT,-,Prime Standard
DE000VNC0014,V1NC,Vincorion SE,Industrial,Advanced Industrial Equipment,DE,XETRA + FRANKFURT,SDAX,Prime Standard
DE0007846867,V6C,VISCOM SE,Industrial,Advanced Industrial Equipment,DE,XETRA + FRANKFURT,-,Prime Standard
DE0007664005,VOW,VOLKSWAGEN AG ST O.N.,Automobile,Automobile Manufacturers,DE,XETRA + FRANKFURT,DAX,Prime Standard
DE0007664039,VOW3,VOLKSWAGEN AG VZO O.N.,Automobile,Automobile Manufacturers,DE,XETRA + FRANKFURT,-,Prime Standard
DE000A2E4LE9,VTAG,Voltatron AG,Industrial,Advanced Industrial Equipment,DE,XETRA + FRANKFURT,-,Prime Standard
DE000A1ML7J1,VNA,VONOVIA SE NA O.N.,Financial Services,Real Estate,DE,XETRA + FRANKFURT,DAX,Prime Standard
DE0007667107,VOS,VOSSLOH AG O.N.,Construction,Construction & Engineering,DE,XETRA + FRANKFURT,SDAX,Prime Standard
DE000WCH8881,WCH,WACKER CHEMIE AG O.N.,Chemicals,"Chemicals, Specialty",DE,XETRA + FRANKFURT,MDAX,Prime Standard
DE000WACK012,WAC,WACKER NEUSON SE NA O.N.,Industrial,Industrial Machinery,DE,XETRA + FRANKFURT,SDAX,Prime Standard
DE0007507501,WSU,WASHTEC AG O.N.,Industrial,Industrial Machinery,DE,XETRA + FRANKFURT,-,Prime Standard
DE000A2N4H07,WEW,WESTWING GROUP  INH. O.N.,Retail,"Retail, Internet",DE,XETRA + FRANKFURT,-,Prime Standard
DE0008051004,WUW,WUESTENROT+WUERTTEMBERGISCHE AG O.N.,Insurance,Insurance,DE,XETRA + FRANKFURT,SDAX,Prime Standard
DE0005932735,YOC,YOC AG O.N.,Software,Software,DE,XETRA + FRANKFURT,-,Prime Standard
DE000ZAL1111,ZAL,ZALANDO SE,Retail,"Retail,Internet",DE,XETRA + FRANKFURT,DAX,Prime Standard
DE000ZEAL241,TIMA,ZEAL NETWORK SE NA O.N.,Retail,"Retail, Internet",DE,XETRA + FRANKFURT,-,Prime Standard
DE000A420ZL4,EVAC,Electrovac AG,Industrial,"Industrial, Diversified",DE,XETRA + FRANKFURT,-,Prime Standard
DE000A3H3L44,2INV,2INVEST AG  NA O.N.,Pharma & Healthcare,Biotechnology,DE,FRANKFURT,-,General Standard
DE000A11QW68,HRPK,7C SOLARPARKEN AG  O.N.,Industrial,Renewable Energies,DE,XETRA + FRANKFURT,-,General Standard
DE0006492903,LUM,A.I.S. AG,Industrial,Renewable Energies,DE,FRANKFURT,-,General Standard
DE000A1TNNN5,ACWN,A.S.CREATION TAPETEN NA,Consumer,Home Construction & Furnishings,DE,XETRA + FRANKFURT,-,General Standard
DE000A3H2101,AAQ1,AAP IMPLANTATE AG,Pharma & Healthcare,Medical Technology,DE,XETRA + FRANKFURT,-,General Standard
DE000A40ZVK3,A4Y0,ACCENTRO REAL ESTATE AG  O.N.,Financial Services,Real Estate,DE,FRANKFURT,-,General Standard
DE0005103006,ADV,ADTRAN NETWORKS SE O.N.,Technology,Communications Technology,DE,XETRA + FRANKFURT,SDAX,General Standard
DE0006569403,ALG,ALBIS LEASING AG O.N.,Financial Services,Diversified Financial,DE,XETRA + FRANKFURT,-,General Standard
DE000A2GS633,AEIN,ALLGEIER SE  NA O.N.,Software,IT-Services,DE,XETRA + FRANKFURT,-,General Standard
DE000A41YD99,AMA,ALTECH ADVANCED MATERIALS NA O.N.,Basic resources,Forest & Paper Products,DE,FRANKFURT,-,General Standard
DE0001262152,DTD2,B+S BANKSYSTEME AG O.N.,Software,Software,DE,XETRA + FRANKFURT,-,General Standard
DE0005201602,BEZ,BERENTZEN-GRUPPE AG,Food & Beverages,Beverages,DE,XETRA + FRANKFURT,-,General Standard
DE0005229504,BIJ,BIJOU BRIGITTE O.N.,Retail,"Retail, Specialty",DE,XETRA + FRANKFURT,-,General Standard
DE000HNC2059,RTML,CAMERIT AG,Financial Services,Diversified Financial,DE,FRANKFURT,-,General Standard
DE000A2G9M17,CPX,CAPSENSIXX AG  INH O.N.,Financial Services,Diversified Financial,DE,FRANKFURT,-,General Standard
DE000A3E5C08,CNW,CO.DON AG   INH. O.N.,Pharma & Healthcare,Biotechnology,DE,FRANKFURT,-,General Standard
DE000A41YEG8,CSQ,CREDITSHELF AG  IA O.N.,Financial Services,Diversified Financial,DE,FRANKFURT,-,General Standard
DE0008055021,DRE2,DEUTSCHE REAL ESTATE AG O.N.,Financial Services,Real Estate,DE,FRANKFURT,-,General Standard
DE000A0HN5C6,DWNI,DEUTSCHE WOHNEN SE INH,Financial Services,Real Estate,DE,XETRA + FRANKFURT,-,General Standard
DE000A2AA204,DFTK,DF DEUTSCHE FORFAIT AG  NA O.N.,Financial Services,Diversified Financial,DE,XETRA + FRANKFURT,-,General Standard
DE0005580005,DIE,DIERIG HOLDING AG O.N.,Consumer,Clothing & Footwear,DE,XETRA + FRANKFURT,-,General Standard
DE0005658009,EIS,EISEN- UND HUETTENWERKE,Basic Resources,Steel & Other Metals,DE,FRANKFURT,-,General Standard
DE000A255G02,H2O,ENAPTER AG INH O.N.,Industrial,Renewable Energies,DE,XETRA + FRANKFURT,-,General Standard
DE0005220008,EBK,ENBW ENERGIE BADEN-WUERTTEMBERG ON,Utilities,Electricity,DE,XETRA + FRANKFURT,-,General Standard
DE0005313506,EKT,ENERGIEKONTOR O.N.,Industrial,Renewable Energies,DE,XETRA + FRANKFURT,SDAX,General Standard
DE000A37FT41,ECX,EPIGENOMICS AG NA O.N.,Pharma & Healthcare,Biotechnology,DE,FRANKFURT,-,General Standard
DE000A0MW975,FVI,FAIR VALUE REIT-AG INH.ON,Financial Services,Real Estate,DE,FRANKFURT,-,General Standard
DE0005775803,FRS,FORIS AG,Financial Services,Diversified Financial,DE,XETRA + FRANKFURT,-,General Standard
DE0006201106,CEA,FRIWO AG O.N.,Industrial,"Industrial, Diversified",DE,XETRA + FRANKFURT,-,General Standard
DE0007760001,WWG,GELSENWASSER AG,Utilities,Multi-Utilities,DE,FRANKFURT,-,General Standard
DE0005156004,GGS,GIGASET AG O.N.,Technology,Communications Technology,DE,FRANKFURT,-,General Standard
DE000A254294,IPOK,HEIDELBERGER BETEILIGUNGSHOLDING  O.N.,Financial Services,Private Equity & Venture Capital,DE,XETRA + FRANKFURT,-,General Standard
DE0006097108,IFS,INFAS HOLDING AG  O.N.,Industrial,Industrial Products & Services,DE,FRANKFURT,-,General Standard
DE0006223605,ITN,INTERTAINMENT AG INH O.N.,Media,Movies & Entertainment,DE,XETRA + FRANKFURT,-,General Standard
DE0006208408,IUR,KAP AG  INH O.N.,Industrial,"Industrial, Diversified",DE,XETRA + FRANKFURT,-,General Standard
DE0006578008,KWG,KHD HUMBOLDT WEDAG O.N.,Industrial,Industrial Machinery,DE,XETRA + FRANKFURT,-,General Standard
DE000A1X3WW8,HETA,KHD HUMBOLDT WEDAG VV NA O.N.,Industrial,Industrial Machinery,DE,FRANKFURT,-,General Standard
DE000A1A6V48,KSC,KPS AG NA O.N.,Software,IT-Services,DE,XETRA + FRANKFURT,-,General Standard
DE0005490601,LEOW,Leo International Precision Health AG,Financial Services,Private Equity & Venture Capital,DE,XETRA + FRANKFURT,-,General Standard
DE000A161N22,TUF,LIBERO FOOTBALL FINANCE AG,Financial Services,Private Equity & Venture Capital,DE,XETRA + FRANKFURT,-,General Standard
DE0005754402,LSX,LS TELCOM AG,Software,Software,DE,XETRA + FRANKFURT,-,General Standard
DE0006553464,MNV6,MAINOVA AG O.N.,Utilities,Multi-Utilities,DE,FRANKFURT,-,General Standard
DE0006052830,MBH3,MASCHINENFABRIK BERTHOLD HERMLE O.N. VZO,Industrial,Industrial Machinery,DE,FRANKFURT,-,General Standard
DE0006044001,MAK,MATERNUS-KLINIKEN AG O.N.,Pharma & Healthcare,Health Care,DE,XETRA + FRANKFURT,-,General Standard
DE000A2DA588,MXHN,MAX AUTOMATION SE NA O.N.,Industrial,"Industrial, Diversified",DE,XETRA + FRANKFURT,-,General Standard
DE000A254203,WOLF,META WOLF AG INH O.N.,Construction,Building Materials,DE,XETRA + FRANKFURT,-,General Standard
DE000A0LBFE4,M3V,MEVIS MEDICAL SOLUTIONS NA O.N.,Software,Software,DE,XETRA + FRANKFURT,-,General Standard
DE000A2LQ728,ML2,MING LE SPORTS AG,Consumer,Clothing & Footwear,DE,FRANKFURT,-,General Standard
DE0006214687,MLL,MUELLER-DIE LILA LOGISTIK SE,Transportation & Logistics,Logistics,DE,XETRA + FRANKFURT,-,General Standard
DE000WNDL300,WDL,NAKIKI SE,Financial services,Private Equity & Venture Capital,DE,XETRA + FRANKFURT,-,General Standard
DE000A1K03W5,NXR,NEXR TECHNOLOGIES SE  INH O.N.,Media,Movies & Entertainment,DE,FRANKFURT,-,General Standard
DE000A12UP37,NC5A,NORCOM INFORMATION TECHNOLOGY INH ON,Software,IT-Services,DE,XETRA + FRANKFURT,-,General Standard
DE0006775505,NWX,NORDWEST HANDEL AG,Industrial,Industrial Products & Services,DE,FRANKFURT,-,General Standard
DE0005228779,OBS,ORBIS SE O.N.,Software,IT-Services,DE,XETRA + FRANKFURT,-,General Standard
DE000A3E5EG5,PA8,PAION O.N,Pharma & Healthcare,Biotechnology,DE,FRANKFURT,-,General Standard
DE000A1R1C81,ICP,United Eco Solutions AG,Technology,Communications Technology,DE,FRANKFURT,-,General Standard
DE000A1A6WB2,PTHH,Path2 Hydrogen AG,Financial services,Renewable Energies,DE,FRANKFURT,-,General Standard
DE000A0AFGF3,02P,PEARL GOLD AG,Basic resources,Mining,DE,FRANKFURT,-,General Standard
DE0006916604,PFV,PFEIFFER VACUUM TECH. AG O.N.,Industrial,Advanced Industrial Equipment,DE,XETRA + FRANKFURT,-,General Standard
DE000A2YN777,EMH,PFERDEWETTEN.DE AG NA ON,Consumer,Leisure,DE,XETRA + FRANKFURT,-,General Standard
DE0006925001,PIT,PITTLER MASCHINENFABRIK AG,Industrial,Industrial Machinery,DE,FRANKFURT,-,General Standard
DE000A0HGQS8,P4O,Planoptik AG,Industrial,Advanced Industrial Equipment,DE,XETRA + FRANKFURT,-,General Standard
DE000PAH0038,PAH3,PORSCHE AUTOMOBIL HOLDING VZO,Automobile,Automobile Manufacturers,DE,XETRA + FRANKFURT,MDAX,General Standard
DE000A0LE3J1,EXJ0,READCREST CAPITAL AG O.N.,Media,Real Estate,DE,XETRA + FRANKFURT,-,General Standard
DE0007008906,RTC,REALTECH AG O.N.,Software,IT-Services,DE,XETRA + FRANKFURT,-,General Standard
DE000A3E5E55,HP3,RINGMETALL SE NA O.N.,Industrial,Containers & Packaging,DE,XETRA + FRANKFURT,-,General Standard
DE000A3MQRK6,3330,Rostra AG,Financial Services,Private Equity & Venture Capital,DE,XETRA + FRANKFURT,-,General Standard
DE0007229007,SWA,SCHLOSS WACHENHEIM AG O.N,Food & Beverages,Beverages,DE,XETRA + FRANKFURT,-,General Standard
DE0005156236,SCE,SCHWEIZER ELECTRONIC NA O.N.,Technology,Semiconductors,DE,XETRA + FRANKFURT,-,General Standard
DE000A3E5CP0,SIM,SIMONA AG O.N.,Chemicals,"Chemicals, Commodity",DE,FRANKFURT,-,General Standard
DE000SGU8886,SGU,SINO-GERMAN UNITED AG O.N.,Industrial,"Industrial, Diversified",DE,FRANKFURT,-,General Standard
DE0007274136,STO3,STO SE+CO.KGAA VZO O.N.,Construction,Building Materials,DE,XETRA + FRANKFURT,SDAX,General Standard
DE000A1TNU68,SF3,STS GROUP AG  O.N.,Automobile,Auto Parts & Equipment,DE,XETRA + FRANKFURT,-,General Standard
DE0007454209,TCU,TC UNTERHALTUNGSELEKTRONIK,Consumer,Consumer Electronics,DE,FRANKFURT,-,General Standard
DE000A1YC996,PU11,THE SOCIAL CHAIN AG,Media,Advertising,DE,FRANKFURT,-,General Standard
DE000A409732,TIS,TISCON AG i.A.,Software,IT-Services,DE,FRANKFURT,-,General Standard
DE0007501009,TTO,TTL BETEILIGUNGS- UND GRUNDBESITZ AG INH ON,Financial Services,Real Estate,DE,FRANKFURT,-,General Standard
DE0007551509,UZU,UZIN UTZ SE O.N.,Construction,Building Materials,DE,XETRA + FRANKFURT,-,General Standard
DE0007016008,MSH,WASGAU PRODUKTIONS & HANDELS NA O.N.,Food & Beverages,Food,DE,FRANKFURT,-,General Standard
DE0008103102,RKB,WEBAC HOLDING AG,Financial Services,Private Equity & Venture Capital,DE,FRANKFURT,-,General Standard
DE000A2TSU21,WBAH,WILD BUNCH AG O.N.,Media,Movies & Entertainment,DE,FRANKFURT,-,General Standard
DE000A161N14,RTV,YOUR FAMILY ENTERTAINMENT AG NA,Media,Movies & Entertainment,DE,XETRA + FRANKFURT,-,General Standard
DE000A1681X5,SNG,SINGULUS TECHNOL. EO 1,Industrial,Advanced Industrial Equipment,DE,XETRA + FRANKFURT,-,General Standard
DE0006062144,1COV,COVESTRO AG  O.N.,Chemicals,"Chemicals, Commodity",DE,XETRA + FRANKFURT,-,General Standard
DE000A42D2N5,HE8,HELIOS SOLAR AG,Industrial,Renewable Energies,DE,XETRA + FRANKFURT,-,General Standard
DE000A0HL8N9,2GB,2G ENERGY AG,Industrial,Renewable Energies,DE,XETRA + FRANKFURT,-,Scale
DE000A0M93V6,ABX,ADVANCED BLOCKCHAIN AG,Software,Software,DE,XETRA + FRANKFURT,-,Scale
DE0005209589,A6T,ARTEC TECHNOLOGIES O.N.,Software,Software,DE,XETRA + FRANKFURT,-,Scale
DE000A0JM2M1,B7E,BLUE CAP O.N.,Industrial,"Industrial, Diversified",DE,XETRA + FRANKFURT,-,Scale
DE000A3DSV01,HIGH,CANTOURAGE GROUP SE O.N.,Pharma & Healthcare,Pharmaceuticals,DE,XETRA + FRANKFURT,-,Scale
DE0007830572,4DS,DALDRUP+SOEHNE AG,Industrial,Renewable Energies,DE,XETRA + FRANKFURT,-,Scale
DE000A0V9LA7,DAR,DATRON AG INH.O.N.,Industrial,Industrial Machinery,DE,XETRA + FRANKFURT,-,Scale
DE000A0MZ4B0,DLX,DELIGNIT AG      INH.O.N.,Industrial,Renewable Energies,DE,XETRA + FRANKFURT,-,Scale
DE000A0XYG76,DR0,DEUTSCHE ROHSTOFF AG NA O.N.,Basic Resources,Mining,DE,XETRA + FRANKFURT,-,Scale
DE000A161077,HXCK,ERNST RUSS AG NA O.N.,Financial Services,Diversified Financial,DE,XETRA + FRANKFURT,-,Scale
DE000A0LR9G9,EXL,EXASOL AG  NA O.N.,Software,Software,DE,XETRA + FRANKFURT,-,Scale
DE000A421RZ9,XK4,Gabler Group SE,Industrial,Advanced Industrial Equipment,DE,XETRA + FRANKFURT,-,Scale
DE000A0XYHT5,IBU,IBU-TEC ADVANCED MATERIALS INH.ON,Industrial,Industrial Products & Services,DE,XETRA + FRANKFURT,-,Scale
DE000A40QVM8,1INN,INNOSCRIPTA SE,Software,Information Technology,DE,XETRA + FRANKFURT,-,Scale
DE000A0B9N37,JDC,JDC GROUP AG O.N.,Financial Services,Diversified Financial,DE,XETRA + FRANKFURT,-,Scale
DE000A12UP29,LQAG,LAIQON AG INH. O.N.,Financial Services,Diversified Financial,DE,XETRA + FRANKFURT,-,Scale
DE0006580806,MUM,MENSCH UND MASCHINE SOFTWARE O.N.,Software,Software,DE,XETRA + FRANKFURT,-,Scale
DE000A1TNWJ4,MPCK,MPC MUENCHMEYER PETERSEN CAPITAL,Financial Services,Diversified Financial,DE,XETRA + FRANKFURT,-,Scale
DE000A0KE043,C1V0,MVISE AG O.N.,Software,Software,DE,XETRA + FRANKFURT,-,Scale
DE000A0KPPR7,NTG,NABALTEC AG INH.,Chemicals,"Chemicals, Speciality",DE,XETRA + FRANKFURT,-,Scale
DE0008435967,NBG6,NUERNBERGER BETEILIGUNGS AG VNA,Insurance,Insurance,DE,XETRA + FRANKFURT,-,Scale
DE000A0MSN11,M7U,NYNOMIC AG  INH O.N.,Industrial,Advanced Industrial Equipment,DE,XETRA + FRANKFURT,-,Scale
DE0005408686,VVV3,OEKOWORLD AG VZNA O.N.,Financial Services,Diversified Financial,DE,XETRA + FRANKFURT,-,Scale
DE000A12UPJ7,CAP,SCP Standard Capital Partners AG,Media,Movies & Entertainment,DE,XETRA + FRANKFURT,-,Scale
DE000PFSE212,PFSE,PFISTERER HOLDING SE,Industrial,Industrials,DE,XETRA + FRANKFURT,-,Scale
DE000A3E5ED2,VEZ,Planethic Group AG,Food & Beverages,Food,DE,XETRA + FRANKFURT,-,Scale
DE000A2G8ZX8,PYR,PYRUM INNOVATIONS AG,Industrial,Industrial Products & Services,DE,XETRA + FRANKFURT,-,Scale
DE0006942808,PZS,SCHERZER U. CO. AG O.N.,Financial Services,Private Equity & Venture Capital,DE,XETRA + FRANKFURT,-,Scale
DE000A1MMEV4,PGH,The Payments Group Holding GmbH & Co KGaA,Financial Services,Private Equity & Venture Capital,DE,XETRA + FRANKFURT,-,Scale
DE000A40ZW88,TPG,The Platform Group SE & Co. KGaA,Retail,"Retail, Internet",DE,XETRA + FRANKFURT,-,Scale
DE000A40ZTT8,TIW,TIN INN HLDG AG VNA O.N.,Consumer,Consumer Goods,DE,XETRA + FRANKFURT,-,Scale
DE0005570808,UBK,UmweltBank AG,Banks,Credit Banks,DE,XETRA + FRANKFURT,-,Scale
DE0005407100,CSH,CENIT AG O.N.,Software,IT-Services,DE,XETRA + FRANKFURT,-,Scale
DE0006201403,PEH,PEH Wertpapier AG,-,-,DE,FRANKFURT,-,Scale
DE0005854343,E4C,ECOTEL COMMUNICATION AG,Telecommunication,Fixed-Line Telecommunication,DE,XETRA + FRANKFURT,-,Scale
DE000A1YC913,FC9,FCR IMMOBILIEN AG NA O.N.,Financial Services,Real Estate,DE,XETRA + FRANKFURT,-,Scale
DE000A42FR12,1SMA,SMAG Mobile Antenna Masts AG,Industrial,Heavy Machiners,DE,XETRA + FRANKFURT,-,Scale
DE000A0LBKW6,CFC,aconnic AG,Industrial,"Industrial, Diversified",DE,XETRA + FRANKFURT,-,Basic Board
DE0005214506,ADC,ADCAPITAL AG,Automobile,Auto Parts & Equipment,DE,FRANKFURT,-,Basic Board
DE0007269003,OEL,ADM HAMBURG AG  O.N.,Food & Beverages,Food,DE,FRANKFURT,-,Basic Board
DE000A40ZUV2,VG80,Ascory BANK AG,Financial Services,Securities Brokers,DE,XETRA + FRANKFURT,-,Basic Board
DE000A40ET13,3ITN,AUDIUS SE,Software,IT-Services,DE,XETRA + FRANKFURT,-,Basic Board
DE0005221303,BFV,BERL.EFFEKTENGES.AG O.N.,Financial Services,Diversified Financial,DE,FRANKFURT,-,Basic Board
DE000A0NK3W4,SPT6,Beta Systems Software AG,Software,Software,DE,FRANKFURT,-,Basic Board
DE000A3H2135,MA1,Binect AG,Financial Services,Private Equity & Venture Capital,DE,XETRA + FRANKFURT,-,Basic Board
DE000A41YD32,T5O,bioXXmed AG,Pharma & Healthcare,Biotechnology,DE,FRANKFURT,-,Basic Board
DE000A1TNMM9,CTNK,CENTROTHERM INTERNATIONAL AG,Industrial,Renewable Energies,DE,FRANKFURT,-,Basic Board
DE0005407407,CEK,CEOTRONICS AG O.N.,Technology,Communications Technology,DE,XETRA + FRANKFURT,-,Basic Board
DE000A0N3EU3,CGX,CGRE AG,Financial Services,Real Estate,DE,XETRA + FRANKFURT,-,Basic Board
DE0006618309,CHG,CHAPTERS Group AG,Software,IT-Services,DE,XETRA + FRANKFURT,-,Basic Board
DE000A40KYB8,CORE,Coreo AG,Industrial,"Industrial, Diversified",DE,XETRA + FRANKFURT,-,Basic Board
DE000A2GS625,CRZK,CR Energy AG,Financial Services,Real Estate,DE,FRANKFURT,-,Basic Board
DE000A41YEV7,D6H,DATAGROUP SE  INH. O.N.,Software,IT-Services,DE,FRANKFURT,-,Basic Board
DE000A1A6WE6,AJ91,DOCCHECK AG  NA,Software,Internet,DE,XETRA + FRANKFURT,-,Basic Board
DE000A41YCR9,EFF,DT.EFF.U.WECH.-BET.G.O.N.,Financial Services,Diversified Financial,DE,XETRA + FRANKFURT,-,Basic Board
DE0005649503,EDL,EDEL SE+CO.KGAA INH O.N.,Media,Movies & Entertainment,DE,XETRA + FRANKFURT,-,Basic Board
DE000A0KFKH0,E8X,ELEXXION AG,Industrial,Advanced Industrial Equipment,DE,FRANKFURT,-,Basic Board
DE000A0MVLS8,ETG,ENVITEC BIOGAS O.N.,Industrial,Renewable Energies,DE,XETRA + FRANKFURT,-,Basic Board
DE000A1X3WX6,ERWE,ERWE IMMOBILIEN AG INH O.N.,Financial Services,Real Estate,DE,XETRA + FRANKFURT,-,Basic Board
DE000A40ZVZ1,ENG,EV DIGITAL INVEST AG (ENGEL & VÖLKERS DIGITAL INVEST),Financial Services,Diversified Financial,DE,FRANKFURT,-,Basic Board
DE000A1PG508,FF24,FAST FINANCE24 HOLDING AG,Industrial,Industrial Products & Services,DE,FRANKFURT,-,Basic Board
DE000A3MQC96,U1DA,MOLOGEN Lifescience AG,Retail,Internet,DE,FRANKFURT,-,Basic Board
DE0006069008,NLM,FROSTA AG AKT. O.N.,Food & Beverages,Food,DE,FRANKFURT,-,Basic Board
DE000A3MQR99,INW,GBS SOFTWARE AG,Software,Software,DE,XETRA + FRANKFURT,-,Basic Board
DE0001218063,A7A,HELIAD AG,Financial Services,Securities Brokers,DE,XETRA + FRANKFURT,-,Basic Board
DE0006061104,HMU,HMS BERGBAU AG,Industrial,Industrial Products & Services,DE,XETRA + FRANKFURT,-,Basic Board
DE0005297204,HG1,HOMAG GROUP AG,Industrial,Industrial Machinery,DE,FRANKFURT,-,Basic Board
DE000A0LR4P1,H9W,HWA AG INH.O.N.,Automobile,Automobile Manufacturers,DE,XETRA + FRANKFURT,-,Basic Board
DE000A161309,KSW,KST BETEILIGUNGS AG NA,Financial Services,Private Equity & Venture Capital,DE,FRANKFURT,-,Basic Board
DE000A2DA406,LEH,Lampetia AG,Industrial,Advanced Industrial Equipment,DE,FRANKFURT,-,Basic Board
DE000LS1LUS9,LUS,LANG+SCHWARZ AG NA,Financial Services,Securities Brokers,DE,XETRA + FRANKFURT,-,Basic Board
DE000A0STSQ8,M12,M1 KLINIKEN AG (M1 BEAUTY AG),Pharma & Healthcare,Health Care,DE,XETRA + FRANKFURT,-,Basic Board
DE0008131350,AMI,MEDONDO HOLDING AG,Software,IT-Services,DE,XETRA + FRANKFURT,-,Basic Board
DE0006614035,MUT3,MINERALBR.UEBERK.-VZ-,Food & Beverages,Beverages,DE,FRANKFURT,-,Basic Board
DE0006614001,MUT,MINERALBR.UEBERKINGEN AG,Food & Beverages,Beverages,DE,FRANKFURT,-,Basic Board
DE0005218309,MBQ,MOBOTIX AG O.N.,Technology,Electronic Components & Hardware,DE,XETRA + FRANKFURT,-,Basic Board
DE000A12UK08,ECF,MOUNTAIN ALLIANCE NA O.N,Retail,"Retail, Internet",DE,XETRA + FRANKFURT,-,Basic Board
DE000A289V03,93M,MPH HEALTH CARE AG (MPH MITT.PHARMA HLDG),Pharma & Healthcare,Pharmaceuticals,DE,XETRA + FRANKFURT,-,Basic Board
DE0006627201,MUB,MUEHLBAUER HOLD.AG O.N.,Technology,Electronic Components & Hardware,DE,XETRA + FRANKFURT,-,Basic Board
DE0006577109,NN6,NANOREPRO AG,Pharma & Healthcare,Biotechnology,DE,XETRA + FRANKFURT,-,Basic Board
DE000A2E4MK4,NUVA,NORATIS AG  INH. O.N.,Financial Services,Real Estate,DE,FRANKFURT,-,Basic Board
DE0006902000,PKB,PARK U.BELLHEIMER AG O.N.,Food & Beverages,Beverages,DE,FRANKFURT,-,Basic Board
DE0007474041,PHH2,PAUL HARTMANN AG O.N.,Pharma & Healthcare,Pharmaceuticals,DE,FRANKFURT,-,Basic Board
DE0005202303,QB7,QUIRIN BANK AG,Banks,Credit Banks,DE,XETRA + FRANKFURT,-,Basic Board
DE000A1RFMY4,RCMN,RCM BETEILIGUNGS NA. O.N.,Financial Services,Real Estate,DE,XETRA + FRANKFURT,-,Basic Board
DE0008009564,RGB,REGENBOGEN AG O.N.,Consumer,Leisure Goods & Services,DE,FRANKFURT,-,Basic Board
DE0007218901,SMB,SCHWAELBCHEN MOLKEREI AG .O.N.,Food & Beverages,Food,DE,FRANKFURT,-,Basic Board
DE000A2AAA75,T3T,SEVEN PRINCIPLES AG O.N.,Software,IT-Services,DE,XETRA + FRANKFURT,-,Basic Board
DE000A168205,SVE,SHAREHOLD.VAL.BET.NA O.N.,Financial Services,Private Equity & Venture Capital,DE,XETRA + FRANKFURT,-,Basic Board
DE000A1RFMZ1,SMWN,SM WIRTSCHAFTSBER. AG .O.N.,Financial Services,Diversified Financial,DE,XETRA + FRANKFURT,-,Basic Board
DE000A2GS609,SB1,SMARTBROKER HOLDING AG,Financial Services,Diversified Financial,DE,XETRA + FRANKFURT,-,Basic Board
DE000A0LR936,ST5,STEICO SE,Industrial,Industrial Products & Services,DE,XETRA + FRANKFURT,-,Basic Board
DE000A41YCM0,N4G,THE NAGA GROUP AG NA O.N.,Financial Services,Securities Brokers,DE,XETRA + FRANKFURT,-,Basic Board
DE0005216907,T2G,TRADEGATE AG WERTPAPIERHANDELSBANK O.N.,Financial Services,Securities Brokers,DE,FRANKFURT,-,Basic Board
DE000A40ZVU2,UMD,UMT UTD MOB.TECHN.AG,Industrial,Internet,DE,XETRA + FRANKFURT,-,Basic Board
DE000A41YDL0,M3B,PYRAMID AG,Financial Services,Private Equity & Venture Capital,DE,XETRA + FRANKFURT,-,Basic Board
DE0005495626,GME,GERATHERM O.N.,Pharma & Healthcare,Medical Technology,DE,XETRA + FRANKFURT,-,Basic Board
DE000A35JS40,CLIQ,CLIQ DIGITAL AG  O.N.,Retail,"Retail, Internet",DE,XETRA + FRANKFURT,-,Basic Board
