rank,symbol,name,market_cap,exchange,sector,industry
1,NVDA,NVIDIA Corporation,5322322739200,NMS,,
2,AAPL,Apple Inc.,4524633751552,NMS,,
3,GOOGL,Alphabet Inc.,4209543741440,NMS,,
4,GOOG,Alphabet Inc.,4173832126464,NMS,,
5,MSFT,Microsoft Corporation,3576365580288,NMS,,
6,AMZN,"Amazon.com, Inc.",2798509096960,NMS,,
7,TSM,Taiwan Semiconductor Manufacturing Company Limited,2144140263424,NYQ,,
8,SPCX,Space Exploration Technologies Corp.,1889476280320,NMS,,
9,AVGO,Broadcom Inc.,1807880552448,NMS,,
10,META,"Meta Platforms, Inc.",1385002696704,NMS,,
11,TSLA,"Tesla, Inc.",1330484084736,NMS,,
12,SKHY,SK hynix Inc.,1104676126720,NMS,,
13,LLY,Eli Lilly and Company,1093034115072,NYQ,,
14,BRK-B,Berkshire Hathaway Inc.,1076691337216,NYQ,,
15,BRK-A,Berkshire Hathaway Inc.,1075492683776,NYQ,,
16,JPM,JPMorgan Chase & Co.,965586124800,NYQ,,
17,WMT,Walmart Inc.,916770652160,NMS,,
18,AMD,"Advanced Micro Devices, Inc.",790754623488,NMS,,
19,ASML,ASML Holding N.V.,692524613632,NMS,,
20,ASMLF,ASML Holding N.V.,684950159360,PNK,,
21,XOM,ExxonMobil Holdings Corporation,680768110592,NYQ,,
22,V,Visa Inc.,680071987200,NYQ,,
23,JNJ,Johnson & Johnson,653347520512,NYQ,,
24,INTC,Intel Corporation,511087050752,NMS,,
25,TCEHY,Tencent Holdings Limited,508161425408,PNK,,
26,MA,Mastercard Incorporated,503101259776,NYQ,,
27,TCTZF,Tencent Holdings Limited,496446406656,PNK,,
28,ABBV,AbbVie Inc.,457542041600,NYQ,,
29,BAC,Bank of America Corporation,449144258560,NYQ,,
30,CSCO,"Cisco Systems, Inc.",439903518720,NMS,,
31,IDCBY,Industrial and Commercial Bank of China Limited,430237057024,PNK,,
32,SSNLF,"Samsung Electronics Co., Ltd.",428205604864,PNK,,
33,COST,Costco Wholesale Corporation,426338353152,NMS,,
34,DOGEF,Ørsted A/S,413033103360,PNK,,
35,PLTR,Palantir Technologies Inc.,412220620800,NMS,,
36,ORCL,Oracle Corporation,411302428672,NYQ,,
37,IDCBF,Industrial and Commercial Bank of China Limited,410386235392,PNK,,
38,LRCX,Lam Research Corporation,410333184000,NMS,,
39,AMAT,"Applied Materials, Inc.",408357175296,NMS,,
40,CVX,Chevron Corporation,403580289024,NYQ,,
41,GE,GE Aerospace,389179310080,NYQ,,
42,CAT,Caterpillar Inc.,386526806016,NYQ,,
43,KO,The Coca-Cola Company,382152409088,NYQ,,
44,CYATY,CONTEMPORARY AMPEREX TECHNOLOGY,377535004672,PNK,,
45,RHHBY,Roche Holding AG,353955282944,OQX,,
46,RHHVF,Roche Holding AG,353795932160,OQX,,
47,HSBC,HSBC Holdings plc,353681833984,NYQ,,
48,UNH,UnitedHealth Group Incorporated,353589526528,NYQ,,
49,RHHBF,Roche Holding AG,350577000448,OQX,,
50,MS,Morgan Stanley,341988605952,NYQ,,
51,HBCYF,HSBC Holdings plc,339182223360,PNK,,
52,MRK,"Merck & Co., Inc.",333487570944,NYQ,,
53,PG,The Procter & Gamble Company,333439926272,NYQ,,
54,NFLX,"Netflix, Inc.",323829563392,NMS,,
55,BABA,Alibaba Group Holding Limited,307159367680,NYQ,,
56,PANW,"Palo Alto Networks, Inc.",304924098560,NMS,,
57,RTX,RTX Corporation,303905964032,NYQ,,
58,GS,"The Goldman Sachs Group, Inc.",302955102208,NYQ,,
59,DELL,Dell Technologies Inc.,302814625792,NYQ,,
60,CGXYY,"China Galaxy Securities Co., Ltd.",302554906624,PNK,,
61,BABAF,Alibaba Group Holding Limited,302389592064,PNK,,
62,CICHF,China Construction Bank Corporation,300840419328,PNK,,
63,CICHY,China Construction Bank Corporation,298093641728,PNK,,
64,RY,Royal Bank of Canada,295984201728,NYQ,,
65,PCCYF,PetroChina Company Limited,295639678976,PNK,,
66,NVS,Novartis AG,293755486208,NYQ,,
67,PM,Philip Morris International Inc.,292427038720,NYQ,,
68,NVSEF,Novartis AG,284594044928,PNK,,
69,ARM,Arm Holdings plc,270545403904,NMS,,
70,ACGBY,Agricultural Bank of China Limited,270186889216,PNK,,
71,ACGBF,Agricultural Bank of China Limited,269486931968,PNK,,
72,GEV,GE Vernova Inc.,267540086784,NYQ,,
73,WFC,Wells Fargo & Company,264297529344,NYQ,,
74,MUFG,"Mitsubishi UFJ Financial Group, Inc.",256210534400,NYQ,,
75,LVMHF,"LVMH Moët Hennessy - Louis Vuitton, Société Européenne",255434850304,PNK,,
76,LVMUY,"LVMH Moët Hennessy - Louis Vuitton, Société Européenne",255109496832,PNK,,
77,KLAC,KLA Corporation,254502240256,NMS,,
78,SHEL,Shell plc,253851385856,NYQ,,
79,RYDAF,Shell plc,250513047552,PNK,,
80,NSRGY,Nestlé S.A.,250071220224,OID,,
81,TXN,Texas Instruments Incorporated,248622546944,NMS,,
82,AZN,AstraZeneca PLC,248296833024,NYQ,,
83,NSRGF,Nestlé S.A.,247318953984,OID,,
84,SIEGY,Siemens Aktiengesellschaft,245984509952,PNK,,
85,ANET,"Arista Networks, Inc.",243643383808,NYQ,,
86,SAPGF,SAP SE,243583270912,PNK,,
87,SMAWF,Siemens Aktiengesellschaft,243467681792,PNK,,
88,SAP,SAP SE,242925371392,NYQ,,
89,SNDK,Sandisk Corporation,238045102080,NMS,,
90,MBFJF,"Mitsubishi UFJ Financial Group, Inc.",237942013952,PNK,,
91,LRLCY,L'Oréal S.A.,231036862464,PNK,,
92,C,Citigroup Inc.,230899171328,NYQ,,
93,AMGN,Amgen Inc.,230076481536,NMS,,
94,LRLCF,L'Oréal S.A.,228831690752,PNK,,
95,AXP,American Express Company,228605870080,NYQ,,
96,BHPLF,BHP Group Limited,227032498176,PNK,,
97,BHP,BHP Group Limited,226295873536,NYQ,,
98,TM,Toyota Motor Corporation,222907809792,NYQ,,
99,TOYOF,Toyota Motor Corporation,222611783680,PNK,,
100,LIN,Linde plc,220673507328,NMS,,
101,IBM,International Business Machines Corporation,219206402048,NYQ,,
102,BACHF,Bank of China Limited,219104428032,PNK,,
103,TMO,Thermo Fisher Scientific Inc.,217795936256,NYQ,,
104,BACHY,Bank of China Limited,217171165184,PNK,,
105,CRWD,"CrowdStrike Holdings, Inc.",216807768064,NMS,,
106,SFTBF,SoftBank Group Corp.,210461245440,PNK,,
107,CBAUF,Commonwealth Bank of Australia,209981931520,PNK,,
108,IDEXY,"Industria de Diseño Textil, S.A.",205108592640,PNK,,
109,STX,Seagate Technology Holdings plc,204814106624,NMS,,
110,BCDRF,"Banco Santander, S.A.",203441225728,PNK,,
111,SAN,"Banco Santander, S.A.",202871357440,NYQ,,
112,IDEXF,"Industria de Diseño Textil, S.A.",202555637760,PNK,,
113,NVO,Novo Nordisk A/S,202133045248,NYQ,,
114,VZ,Verizon Communications Inc.,201672802304,NYQ,,
115,RTNTF,Rio Tinto Group,201542746112,PNK,,
116,TD,The Toronto-Dominion Bank,201500655616,NYQ,,
117,SFTBY,SoftBank Group Corp.,199120388096,PNK,,
118,NONOF,Novo Nordisk A/S,198639599616,PNK,,
119,TTE,TotalEnergies SE,197970788352,NYQ,,
120,APH,Amphenol Corporation,196747182080,NYQ,,
121,TMUS,"T-Mobile US, Inc.",196030742528,NMS,,
122,ABT,Abbott Laboratories,194979594240,NYQ,,
123,MRVL,"Marvell Technology, Inc.",193869594624,NMS,,
124,ALIZY,Allianz SE,193435992064,PNK,,
125,SCHW,The Charles Schwab Corporation,193132216320,NYQ,,
126,SBGSF,Schneider Electric S.E.,192840859648,PNK,,
127,EADSF,Airbus SE,192725499904,PNK,,
128,CMWAY,Commonwealth Bank of Australia,192344129536,PNK,,
129,EADSY,Airbus SE,191949864960,PNK,,
130,SBGSY,Schneider Electric S.E.,191907741696,PNK,,
131,PEP,"PepsiCo, Inc.",191417581568,NMS,,
132,SHOP,Shopify Inc.,190210228224,NMS,,
133,ALIZF,Allianz SE,189658316800,PNK,,
134,HESAF,Hermès International Société en commandite par actions,189076553728,PNK,,
135,HESAY,Hermès International Société en commandite par actions,189069213696,PNK,,
136,MCD,McDonald's Corporation,188933210112,NYQ,,
137,BLK,"BlackRock, Inc.",187554381824,NYQ,,
138,KXIAY,KIOXIA HLDGS CORP,184311267328,PNK,,
139,NEE,"NextEra Energy, Inc.",179853049856,NYQ,,
140,ABBNY,ABB Ltd,179534790656,PNK,,
141,DIS,The Walt Disney Company,179489095680,NYQ,,
142,WDC,Western Digital Corporation,178885984256,NMS,,
143,GILD,"Gilead Sciences, Inc.",177859182592,NMS,,
144,ABLZF,ABB Ltd,177612668928,PNK,,
145,UNP,Union Pacific Corporation,177474109440,NYQ,,
146,BA,The Boeing Company,176299933696,NYQ,,
147,UBS,UBS Group AG,173625344000,NYQ,,
148,RYCEY,Rolls-Royce Holdings plc,171993300992,PNK,,
149,RYCEF,Rolls-Royce Holdings plc,171828150272,PNK,,
150,T,AT&T Inc.,170624401408,NYQ,,
151,WELL,Welltower Inc.,169651486720,NYQ,,
152,SAFRY,Safran SA,169528541184,PNK,,
153,SAFRF,Safran SA,169006399488,PNK,,
154,QCOM,QUALCOMM Incorporated,168236974080,NMS,,
155,DBSDY,DBS Group Holdings Ltd,168222605312,PNK,,
156,BX,Blackstone Inc.,168046919680,NYQ,,
157,ETN,Eaton Corporation plc,167528562688,NYQ,,
158,TJX,"The TJX Companies, Inc.",166644662272,NYQ,,
159,DBSDF,DBS Group Holdings Ltd,164326309888,PNK,,
160,SMFG,"Sumitomo Mitsui Financial Group, Inc.",163979575296,NYQ,,
161,DTEGF,Deutsche Telekom AG,162122137600,OQX,,
162,DTEGY,Deutsche Telekom AG,161783463936,OQX,,
163,SMFNF,"Sumitomo Mitsui Financial Group, Inc.",160408993792,PNK,,
164,TOELF,Tokyo Electron Limited,159231049728,PNK,,
165,DE,Deere & Company,158917558272,NYQ,,
166,BBVA,"Banco Bilbao Vizcaya Argentaria, S.A.",158872010752,NYQ,,
167,BBVXF,"Banco Bilbao Vizcaya Argentaria, S.A.",158761648128,PNK,,
168,SCCO,Southern Copper Corporation,158567743488,NYQ,,
169,RIO,Rio Tinto Group,157305307136,NYQ,,
170,IBDSF,"Iberdrola, S.A.",156952297472,OID,,
171,ATEYY,Advantest Corporation,156915662848,PNK,,
172,RTPPF,Rio Tinto Group,156687073280,PNK,,
173,BKNG,Booking Holdings Inc.,156474982400,NMS,,
174,COP,ConocoPhillips,155837497344,NYQ,,
175,IBDRY,"Iberdrola, S.A.",155801174016,OID,,
176,PFE,Pfizer Inc.,155316109312,NYQ,,
177,TOELY,Tokyo Electron Limited,154679001088,PNK,,
178,IBKR,"Interactive Brokers Group, Inc.",154297532416,NMS,,
179,CIHKY,"China Merchants Bank Co., Ltd.",153891504128,PNK,,
180,HTHIY,"Hitachi, Ltd.",152815435776,PNK,,
181,ADTTF,Advantest Corporation,152762548224,PNK,,
182,CIHHF,"China Merchants Bank Co., Ltd.",152580079616,PNK,,
183,UBER,"Uber Technologies, Inc.",152497553408,NYQ,,
184,BUD,Anheuser-Busch InBev SA/NV,152468766720,NYQ,,
185,SMERY,Siemens Energy AG,151748837376,OQX,,
186,SMEGF,Siemens Energy AG,151442538496,OQX,,
187,HTHIF,"Hitachi, Ltd.",151024992256,PNK,,
188,BUDFF,Anheuser-Busch InBev SA/NV,150972235776,PNK,,
189,UNCRY,UniCredit S.p.A.,144733585408,PNK,,
190,UNCFF,UniCredit S.p.A.,144224190464,PNK,,
191,FRCOY,"Fast Retailing Co., Ltd.",142869839872,PNK,,
192,DHR,Danaher Corporation,140301959168,NYQ,,
193,ISRG,"Intuitive Surgical, Inc.",140151209984,NMS,,
194,LMT,Lockheed Martin Corporation,140129222656,NYQ,,
195,IITSF,Intesa Sanpaolo S.p.A.,139986681856,OID,,
196,RCRUY,"Recruit Holdings Co., Ltd.",139843584000,PNK,,
197,ISNPY,Intesa Sanpaolo S.p.A.,139171102720,OID,,
198,BNPQY,BNP Paribas SA,139148165120,OQX,,
199,RCRRF,"Recruit Holdings Co., Ltd.",138400743424,PNK,,
200,BNPQF,BNP Paribas SA,138348085248,OQX,,
201,GLW,Corning Incorporated,137735995392,NYQ,,
202,FRCOF,"Fast Retailing Co., Ltd.",137180807168,PNK,,
203,SONY,Sony Group Corporation,137154674688,NYQ,,
204,CUAEF,China Shenhua Energy Company Limited,137077227520,PNK,,
205,PLD,"Prologis, Inc.",136112242688,NYQ,,
206,COF,Capital One Financial Corporation,135868489728,NYQ,,
207,CFRHF,Compagnie Financière Richemont SA,135814209536,PNK,,
208,BMY,Bristol-Myers Squibb Company,134921306112,NYQ,,
209,CFRUY,Compagnie Financière Richemont SA,134579527680,PNK,,
210,VRTX,Vertex Pharmaceuticals Incorporated,133875531776,NMS,,
211,UL,Unilever PLC,133566988288,NYQ,,
212,CB,Chubb Limited,133212839936,NYQ,,
213,UNLYF,Unilever PLC,132985602048,PNK,,
214,IVSBF,Investor AB (publ),132436402176,PNK,,
215,PH,Parker-Hannifin Corporation,131363102720,NYQ,,
216,MFG,"Mizuho Financial Group, Inc.",129740349440,NYQ,,
217,MZHOF,"Mizuho Financial Group, Inc.",128765771776,PNK,,
218,BMO,Bank of Montreal,127875072000,NYQ,,
219,SNEJF,Sony Group Corporation,127847129088,PNK,,
220,IVSXF,Investor AB (publ),127350939648,PNK,,
221,SYK,Stryker Corporation,127104598016,NYQ,,
222,PNGAY,"Ping An Insurance (Group) Company of China, Ltd.",125304881152,PNK,,
223,KYCCF,Keyence Corporation,125058088960,PNK,,
224,PIAIF,"Ping An Insurance (Group) Company of China, Ltd.",124942729216,PNK,,
225,PDD,PDD Holdings Inc.,124219809792,NMS,,
226,NOW,"ServiceNow, Inc.",123536171008,NYQ,,
227,NEMCL,NEWMONT CORPORATION CDI 1:1,123281997824,PNK,,
228,SPGI,S&P Global Inc.,123238195200,NYQ,,
229,AIQUY,L'Air Liquide S.A.,122997825536,PNK,,
230,ZIJMF,Zijin Mining Group Company Limited,122317283328,PNK,,
231,NEM,Newmont Corporation,122207232000,NYQ,,
232,AIQUF,L'Air Liquide S.A.,122119495680,PNK,,
233,BTI,British American Tobacco p.l.c.,121497763840,NYQ,,
234,CVS,CVS Health Corporation,121387081728,NYQ,,
235,SBUX,Starbucks Corporation,120851398656,NMS,,
236,PGR,The Progressive Corporation,120477671424,NYQ,,
237,CSUAY,China Shenhua Energy Company Limited,120213692416,PNK,,
238,BTAFF,British American Tobacco p.l.c.,119838433280,PNK,,
239,ZIJMY,Zijin Mining Group Company Limited,119086514176,PNK,,
240,HDB,HDFC Bank Limited,119024287744,NYQ,,
241,PBR,Petróleo Brasileiro S.A. - Petrobras,117158584320,NYQ,,
242,HWM,Howmet Aerospace Inc.,116709228544,NYQ,,
243,FTNT,"Fortinet, Inc.",115934093312,NMS,,
244,SNOW,Snowflake Inc.,112759373824,NYQ,,
245,ENB,Enbridge Inc.,112240156672,NYQ,,
246,PBR-A,Petróleo Brasileiro S.A. - Petrobras,112077438976,NYQ,,
247,BP,BP p.l.c.,111795609600,NYQ,,
248,WFC-PC,Wells Fargo & Company,111600148480,NYQ,,
249,BPAQF,BP p.l.c.,111254781952,PNK,,
250,BNY,The Bank of New York Mellon Cor,111227174912,NYQ,,
251,CM,Canadian Imperial Bank of Commerce,111033073664,NYQ,,
252,OVCHY,Oversea-Chinese Banking Corporation Limited,110577139712,PNK,,
253,BNS,The Bank of Nova Scotia,109876895744,NYQ,,
254,ABNB,"Airbnb, Inc.",109727473664,NMS,,
255,ESOCF,Enel SpA,108941746176,PNK,,
256,MO,"Altria Group, Inc.",108850610176,NYQ,,
257,MTSUY,Mitsubishi Corporation,108709896192,PNK,,
258,ZURVY,Zurich Insurance Group AG,108681084928,OQX,,
259,ENLAY,Enel SpA,108544868352,PNK,,
260,MSBHF,Mitsubishi Corporation,108526813184,PNK,,
261,HNHPF,"Hon Hai Precision Industry Co., Ltd.",108488663040,PNK,,
262,AXAHY,AXA SA,108120530944,OQX,,
263,SNYNF,Sanofi,107838169088,PNK,,
264,SNY,Sanofi,107754307584,NMS,,
265,ATLPF,Atlas Copco AB (publ),107695554560,PNK,,
266,NET,"Cloudflare, Inc.",107308179456,NYQ,,
267,EQIX,"Equinix, Inc.",107067662336,NMS,,
268,ADP,"Automatic Data Processing, Inc.",106986831872,NMS,,
269,ZFSVF,Zurich Insurance Group AG,106748231680,OQX,,
270,AXAHF,AXA SA,106510532608,OQX,,
271,GD,General Dynamics Corporation,106458841088,NYQ,,
272,SPOT,Spotify Technology S.A.,106139017216,NYQ,,
273,SO,The Southern Company,105913925632,NYQ,,
274,ACN,Accenture plc,105823141888,NYQ,,
275,VRT,Vertiv Holdings Co,104924676096,NYQ,,
276,BYDDF,BYD Company Limited,104665423872,PNK,,
277,PWR,"Quanta Services, Inc.",104661557248,NYQ,,
278,ADBE,Adobe Inc.,104598159360,NMS,,
279,CAIXY,"CaixaBank, S.A.",103715143680,PNK,,
280,ATLKY,Atlas Copco AB (publ),103524327424,PNK,,
281,BYDDY,BYD Company Limited,103480188928,PNK,,
282,APP,AppLovin Corporation,103220781056,NMS,,
283,MPC,Marathon Petroleum Corporation,102840836096,NYQ,,
284,GSK,GSK plc,102443507712,NYQ,,
285,CNQ,Canadian Natural Resources Limited,102229786624,NYQ,,
286,TT,Trane Technologies plc,101952143360,NYQ,,
287,DLEGF,Delta Electronics (Thailand) Public Company Limited,101704097792,PNK,,
288,GLAXF,GSK plc,101542248448,PNK,,
289,PNC,"The PNC Financial Services Group, Inc.",101457723392,NYQ,,
290,MCK,McKesson Corporation,101347336192,NYQ,,
291,ING,ING Groep N.V.,101309554688,NYQ,,
292,USB,U.S. Bancorp,100946157568,NYQ,,
293,VLO,Valero Energy Corporation,100789002240,NYQ,,
294,OVCHF,Oversea-Chinese Banking Corporation Limited,100619583488,PNK,,
295,CIXPF,"CaixaBank, S.A.",100588568576,PNK,,
296,INGVF,ING Groep N.V.,100338991104,PNK,,
297,GPMXY,Grupo Mexico S.A.B. de C.V.,100037255168,PNK,,
298,EQNR,Equinor ASA,99340140544,NYQ,,
299,SBKFF,State Bank of India,99127599104,PNK,,
300,GMBXF,"Grupo México, S.A.B. de C.V.",99103047680,PNK,,
301,STOHF,Equinor ASA,99007741952,PNK,,
302,KKR,KKR & Co. Inc.,98999672832,NYQ,,
303,CILJF,China Life Insurance Company Limited,97795874816,PNK,,
304,CME,CME Group Inc.,97640153088,NMS,,
305,PSX,Phillips 66,97623670784,NYQ,,
306,CVNA,Carvana Co.,96724697088,NYQ,,
307,DUK,Duke Energy Corporation,96675274752,NYQ,,
308,INTU,Intuit Inc.,95850094592,NMS,,
309,CHDRF,Christian Dior SE,95332556800,PNK,,
310,AAIGF,AIA Group Limited,95322775552,PNK,,
311,AAGIY,AIA Group Limited,94807515136,PNK,,
312,ASX,"ASE Technology Holding Co., Ltd.",94799454208,NYQ,,
313,AEM,Agnico Eagle Mines Limited,94659846144,NYQ,,
314,CEG,Constellation Energy Corporation,94539833344,NMS,,
315,DASH,"DoorDash, Inc.",94267744256,NMS,,
316,BN,Brookfield Corporation,94048968704,NYQ,,
317,PROSF,Prosus N.V.,93753737216,PNK,,
318,MMM,3M Company,93314818048,NYQ,,
319,MGCLY,Midea Group Co Ltd.,93222715392,PNK,,
320,MAR,"Marriott International, Inc.",93179617280,NMS,,
321,IFNNF,Infineon Technologies AG,93174120448,OQX,,
322,CSX,CSX Corporation,93068337152,NMS,,
323,CMCSA,Comcast Corporation,92974284800,NMS,,
324,FCX,Freeport-McMoRan Inc.,92847996928,NYQ,,
325,MNST,Monster Beverage Corporation,92819873792,NMS,,
326,LLDTF,Lloyds Banking Group plc,92789202944,PNK,,
327,BCS,Barclays PLC,92048859136,NYQ,,
328,WMB,"The Williams Companies, Inc.",91896569856,NYQ,,
329,PROSY,Prosus N.V.,91409899520,PNK,,
330,NAUBF,National Australia Bank Limited,91197169664,PNK,,
331,MHVYF,"Mitsubishi Heavy Industries, Ltd.",90994466816,PNK,,
332,MHVIY,Mitsubishi Heavy Industries Ltd,90860068864,PNK,,
333,JCI,Johnson Controls International plc,90667376640,NYQ,,
334,ATLCY,Atlas Copco AB (publ),90400841728,PNK,,
335,BCLYF,Barclays PLC,90266402816,PNK,,
336,MELI,"MercadoLibre, Inc.",90196705280,NMS,,
337,BAESF,BAE Systems plc,89990537216,PNK,,
338,WM,"Waste Management, Inc.",89368322048,NYQ,,
339,HCA,"HCA Healthcare, Inc.",89140166656,NYQ,,
340,MRSH,"Marsh & McLennan Companies, Inc.",88937857024,NYQ,,
341,DDOG,"Datadog, Inc.",88332451840,NMS,,
342,BAESY,BAE Systems plc,88240234496,PNK,,
343,PSBKF,"Postal Savings Bank of China Co., Ltd.",88100069376,PNK,,
344,EMR,Emerson Electric Co.,88009687040,NYQ,,
345,LYG,Lloyds Banking Group plc,87859773440,NYQ,,
346,BCMXY,"Bank of Communications Co., Ltd.",87833600000,PNK,,
347,SNHIY,SNHIY,87812300800,PNK,,
348,ICE,"Intercontinental Exchange, Inc.",87678590976,NYQ,,
349,GLCNF,Glencore plc,87673675776,PNK,,
350,ESLOY,EssilorLuxottica Société anonyme,87258054656,PNK,,
351,CDNS,"Cadence Design Systems, Inc.",87167385600,NMS,,
352,TKOMY,"Tokio Marine Holdings, Inc.",87142391808,PNK,,
353,MITSF,"Mitsui & Co., Ltd.",87009583104,PNK,,
354,GLNCY,Glencore plc,86969466880,PNK,,
355,ITOCY,ITOCHU Corporation,86744817664,PNK,,
356,UPS,"United Parcel Service, Inc.",86720167936,NYQ,,
357,IFNNY,Infineon Technologies AG,86624649216,OQX,,
358,ESLOF,EssilorLuxottica Société anonyme,86412410880,PNK,,
359,ELV,"Elevance Health, Inc.",86372532224,NYQ,,
360,MITSY,"Mitsui & Co., Ltd.",86051618816,PNK,,
361,TKOMF,"Tokio Marine Holdings, Inc.",85793562624,PNK,,
362,BKFCF,"Bank of Communications Co., Ltd.",85712871424,PNK,,
363,MRAAF,"Murata Manufacturing Co., Ltd.",85660254208,PNK,,
364,CMI,Cummins Inc.,85463482368,NYQ,,
365,NABZY,National Australia Bank Limited,84982661120,PNK,,
366,WBKCY,Westpac Banking Corp. Ltd.,84143316992,PNK,,
367,MCO,Moody's Corporation,84129595392,NYQ,,
368,ITOCF,ITOCHU Corporation,83878952960,PNK,,
369,SHW,The Sherwin-Williams Company,83817103360,NYQ,,
370,SPG,"Simon Property Group, Inc.",83748741120,NYQ,,
371,NOC,Northrop Grumman Corporation,83695009792,NYQ,,
372,EPD,Enterprise Products Partners L.P.,83442196480,NYQ,,
373,REGN,"Regeneron Pharmaceuticals, Inc.",83418251264,NMS,,
374,XIACY,Xiaomi Corporation,83340181504,PNK,,
375,XIACF,Xiaomi Corporation,83134275584,PNK,,
376,ATLFF,Atlas Copco AB (publ),82838978560,PNK,,
377,NPPXF,"NTT, Inc.",82827067392,PNK,,
378,NGG,National Grid plc,82590326784,NYQ,,
379,MRAAY,"Murata Manufacturing Co., Ltd.",82532958208,PNK,,
380,CP,Canadian Pacific Kansas City Limited,82352144384,NYQ,,
381,HOOD,"Robinhood Markets, Inc.",82292998144,NMS,,
382,CHDRY,Christian Dior SE,82216706048,PNK,,
383,BAM,Brookfield Asset Management Ltd.,82210537472,NYQ,,
384,WEBNF,Westpac Banking Corporation,81616281600,PNK,,
385,WUXIF,"WuXi AppTec Co., Ltd.",81568456704,PNK,,
386,NTTYY,"NTT, Inc.",81300455424,PNK,,
387,ITW,Illinois Tool Works Inc.,81071169536,NYQ,,
388,NGGTF,National Grid plc,80830955520,PNK,,
389,E,Eni S.p.A.,80752590848,NYQ,,
390,EIPAF,Eni S.p.A.,80709279744,PNK,,
391,AMT,American Tower Corporation,80298901504,NYQ,,
392,RCL,Royal Caribbean Cruises Ltd.,80235626496,NYQ,,
393,ANZGY,ANZ Group Holdings Limited,80153624576,PNK,,
394,ITUB,Itaú Unibanco Holding S.A.,80129007616,NYQ,,
395,MDLZ,"Mondelez International, Inc.",79973466112,NMS,,
396,SU,Suncor Energy Inc.,79912837120,NYQ,,
397,NTES,"NetEase, Inc.",79871205376,NMS,,
398,CTAS,Cintas Corporation,79813820416,NMS,,
399,NETTF,"NetEase, Inc.",79711150080,PNK,,
400,APO,"Apollo Global Management, Inc.",79044206592,NYQ,,
401,SLB,SLB N.V.,78971256832,NYQ,,
402,MIELF,Mitsubishi Electric Corporation,78890098688,PNK,,
403,ECL,Ecolab Inc.,78492008448,NYQ,,
404,PSTVY,"Postal Savings Bank of China Co., Ltd.",78455726080,PNK,,
405,LITE,Lumentum Holdings Inc.,78335909888,NMS,,
406,EOG,"EOG Resources, Inc.",77997490176,NYQ,,
407,FDX,FedEx Corporation,77717839872,NYQ,,
408,MSI,"Motorola Solutions, Inc.",77699334144,NYQ,,
409,WUXAY,"WuXi AppTec Co., Ltd.",77577682944,PNK,,
410,SNPS,"Synopsys, Inc.",77436157952,NMS,,
411,ANZGF,ANZ Group Holdings Limited,77383483392,PNK,,
412,JAPAY,Japan Tobacco Inc.,77192544256,PNK,,
413,VCISF,Vinci SA,76951478272,PNK,,
414,TRV,"The Travelers Companies, Inc.",76741009408,NYQ,,
415,VCISY,Vinci SA,76569305088,PNK,,
416,CNI,Canadian National Railway Company,76550094848,NYQ,,
417,MIELY,Mitsubishi Electric Corporation,76147875840,PNK,,
418,NSC,Norfolk Southern Corporation,76122021888,NYQ,,
419,MURGY,Münchener Rückversicherungs-Gesellschaft Aktiengesellschaft in München,75929026560,PNK,,
420,ARZGY,Assicurazioni Generali S.p.A.,75835318272,PNK,,
421,ROST,"Ross Stores, Inc.",75826233344,NMS,,
422,GM,General Motors Company,75711635456,NYQ,,
423,MURGF,Münchener Rückversicherungs-Gesellschaft Aktiengesellschaft in München,75307507712,PNK,,
424,ENGIY,Engie SA,75154685952,PNK,,
425,NWG,NatWest Group plc,74483965952,NYQ,,
426,CMCLY,CMOC Group Limited,74387275776,PNK,,
427,RBSPF,NatWest Group plc,74086506496,PNK,,
428,ENGQF,Engie SA,73919889408,PNK,,
429,HLT,Hilton Worldwide Holdings Inc.,73762775040,NYQ,,
430,ET,Energy Transfer LP,73755475968,NYQ,,
431,HPE,Hewlett Packard Enterprise Company,73744891904,NYQ,,
432,JPPTY,"JAPAN POST BANK Co., Ltd.",73626247168,PNK,,
433,VOLVF,AB Volvo (publ),73610969088,PNK,,
434,CI,The Cigna Group,73590972416,NYQ,,
435,DLR,"Digital Realty Trust, Inc.",73550905344,NYQ,,
436,ORLY,"O'Reilly Automotive, Inc.",73421283328,NMS,,
437,KMI,"Kinder Morgan, Inc.",73194987520,NYQ,,
438,MFC,Manulife Financial Corporation,73173532672,NYQ,,
439,JAPAF,Japan Tobacco Inc.,73162481664,PNK,,
440,BSX,Boston Scientific Corporation,73142616064,NYQ,,
441,CL,Colgate-Palmolive Company,72909422592,NYQ,,
442,AON,Aon plc,72801452032,NYQ,,
443,RACE,Ferrari N.V.,72492449792,NYQ,,
444,VLVLY,AB Volvo (publ),72309555200,PNK,,
445,HON,Honeywell International Inc.,72170405888,NMS,,
446,SHECY,"Shin-Etsu Chemical Co., Ltd.",71879213056,PNK,,
447,DB,Deutsche Bank Aktiengesellschaft,71571111936,NYQ,,
448,WBD,"Warner Bros. Discovery, Inc.",71403257856,NMS,,
449,SHECF,"Shin-Etsu Chemical Co., Ltd.",71305805824,PNK,,
450,MCQEF,Macquarie Group Limited,71102357504,PNK,,
451,AMX,"América Móvil, S.A.B. de C.V.",70872276992,NYQ,,
452,AMXOF,"América Móvil, S.A.B. de C.V.",70782296064,PNK,,
453,DHLGY,Deutsche Post AG,70773596160,OID,,
454,CHGCY,"Chugai Pharmaceutical Co., Ltd.",70661087232,PNK,,
455,WFAFF,Wesfarmers Limited,70387523584,PNK,,
456,DPSTF,Deutsche Post AG,70351798272,OID,,
457,KDDIF,KDDI Corporation,70243934208,PNK,,
458,SCGLF,Société Générale Société anonyme,70046220288,OID,,
459,SOBKY,SoftBank Corp.,69885059072,PNK,,
460,MKGAF,Merck KGaA,69655764992,PNK,,
461,URI,"United Rentals, Inc.",69486272512,NYQ,,
462,NU,Nu Holdings Ltd.,69320384512,NYQ,,
463,B,Barrick Mining Corporation,69275279360,NYQ,,
464,MKKGY,Merck KGaA,68847075328,PNK,,
465,MQBKY,Macquarie Group Limited,68806918144,PNK,,
466,AEP,"American Electric Power Company, Inc.",68784611328,NMS,,
467,CHGCF,"Chugai Pharmaceutical Co., Ltd.",68641964032,PNK,,
468,CRARY,Crédit Agricole S.A.,68500369408,PNK,,
469,TDG,TransDigm Group Incorporated,68199071744,NYQ,,
470,CRARF,Crédit Agricole S.A.,68197810176,PNK,,
471,NRDBY,Nordea Bank Abp,68078694400,OQX,,
472,SCGLY,Société Générale Société anonyme,67883622400,OID,,
473,NBNKF,Nordea Bank Abp,67875069952,OQX,,
474,NBIS,Nebius Group N.V.,67536994304,NMS,,
475,APD,"Air Products and Chemicals, Inc.",67524935680,NYQ,,
476,PCAR,PACCAR Inc,67385245696,NMS,,
477,WFAFY,Wesfarmers Limited,67344969728,PNK,,
478,MPNGY,Meituan,67118772224,PNK,,
479,AVIKF,Advanced Info Service Public Company Limited,66824024064,PNK,,
480,JPSTF,"JAPAN POST BANK Co., Ltd.",66787233792,PNK,,
481,BHKLY,BOC Hong Kong (Holdings) Limited,66735386624,PNK,,
482,RSG,"Republic Services, Inc.",66439032832,NYQ,,
483,SNPMF,China Petroleum & Chemical Corporation,66408775680,PNK,,
484,PCRHY,Panasonic Holdings Corporation,66265169920,PNK,,
485,ALL,The Allstate Corporation,66033852416,NYQ,,
486,SFBQF,SoftBank Corp.,66010529792,PNK,,
487,KDDIY,KDDI Corporation,65881419776,PNK,,
488,SCBFY,Standard Chartered PLC,65860689920,PNK,,
489,MPWR,"Monolithic Power Systems, Inc.",65516466176,NMS,,
490,HKXCF,Hong Kong Exchanges and Clearing Limited,65506295808,PNK,,
491,RNMBY,Rheinmetall AG,65498632192,PNK,,
492,RNMBF,Rheinmetall AG,65451958272,PNK,,
493,PCRFF,Panasonic Holdings Corporation,65307852800,PNK,,
494,HKXCY,Hong Kong Exchanges and Clearing Limited,65009119232,PNK,,
495,JHPCY,JHPCY,64905179136,PNK,,
496,SCBFF,Standard Chartered PLC,64716050432,PNK,,
497,NTDOY,"Nintendo Co., Ltd.",64330326016,PNK,,
498,NTDOF,"Nintendo Co., Ltd.",64284209152,PNK,,
499,TFC,Truist Financial Corporation,64025432064,NYQ,,
500,BKR,Baker Hughes Company,63967916032,NMS,,
501,TRGP,Targa Resources Corp.,63851122688,NYQ,,
502,THLEF,Thales S.A.,63772692480,PNK,,
503,AJG,Arthur J. Gallagher & Co.,63664848896,NYQ,,
504,NTIOF,National Bank of Canada,63332847616,PNK,,
505,THLLY,Thales S.A.,63278968832,PNK,,
506,TER,"Teradyne, Inc.",63207002112,NMS,,
507,MPNGF,Meituan,62952775680,PNK,,
508,BNKHF,BOC Hong Kong (Holdings) Limited,62908043264,PNK,,
509,CRH,CRH PLC,62037778432,NYQ,,
510,GWW,"W.W. Grainger, Inc.",61896290304,NYQ,,
511,ARGX,argenx SE,61751836672,NMS,,
512,BE,Bloom Energy Corporation,61559160832,NYQ,,
513,MET,"MetLife, Inc.",61469683712,NYQ,,
514,FKURF,Fujikura Ltd.,61327151104,PNK,,
515,FIX,"Comfort Systems USA, Inc.",61205749760,NYQ,,
516,OKE,"ONEOK, Inc.",61189984256,NYQ,,
517,NNFSF,"Nongfu Spring Co., Ltd.",61180776448,PNK,,
518,AFL,AFLAC Incorporated,61028519936,NYQ,,
519,ARGNF,argenx SE,60779839488,PNK,,
520,D,"Dominion Energy, Inc.",60344274944,NYQ,,
521,PSA,Public Storage,60337549312,NYQ,,
522,COR,"Cencora, Inc.",60326195200,NYQ,,
523,WPM,Wheaton Precious Metals Corp.,60267024384,NYQ,,
524,MPLX,MPLX LP,60182626304,NYQ,,
525,KBCSY,KBC Group NV,60142428160,PNK,,
526,RELX,RELX PLC,60137611264,NYQ,,
527,COHR,Coherent Corp.,60008869888,NYQ,,
528,CVE,Cenovus Energy Inc,59974848512,NYQ,,
529,NUE,Nucor Corporation,59938287616,NYQ,,
530,KBCSF,KBC Group NV,59928494080,PNK,,
531,OXY,Occidental Petroleum Corporation,59778314240,NYQ,,
532,ANCTF,Alimentation Couche-Tard Inc.,59614330880,PNK,,
533,GWLIF,Great-West Lifeco Inc.,59566608384,PNK,,
534,NKE,"NIKE, Inc.",59428962304,NYQ,,
535,TEL,TE Connectivity plc,59341524992,NYQ,,
536,O,Realty Income Corporation,58864222208,NYQ,,
537,FAST,Fastenal Company,58832203776,NMS,,
538,FANG,"Diamondback Energy, Inc.",58809753600,NMS,,
539,AAUKF,Anglo American plc,58353233920,OQX,,
540,KEYS,"Keysight Technologies, Inc.",58275315712,NYQ,,
541,VALE,Vale S.A.,58218835968,NYQ,,
542,DBOEY,Deutsche Börse AG,58088685568,PNK,,
543,SNGNF,Singapore Telecommunications Limited,57945997312,PNK,,
544,RLXXF,RELX PLC,57826906112,PNK,,
545,TAK,Takeda Pharmaceutical Company Limited,57642725376,NYQ,,
546,NXPI,NXP Semiconductors N.V.,57634643968,NMS,,
547,FJIKY,Fujikura  Ltd.,57618378752,PNK,,
548,NOKBF,Nokia Oyj,57555931136,PNK,,
549,DBOEF,Deutsche Börse AG,57500946432,PNK,,
550,CIEN,Ciena Corporation,57405374464,NYQ,,
551,UOVEF,United Overseas Bank Limited,57368150016,PNK,,
552,GRMN,Garmin Ltd.,57362059264,NYQ,,
553,AME,"AMETEK, Inc.",57313021952,NYQ,,
554,SRE,DBA Sempra,57007034368,NYQ,,
555,SGAPY,Singapore Telecommunications Limited,56734695424,PNK,,
556,LNG,"Cheniere Energy, Inc.",56544923648,NYQ,,
557,LTOUF,Larsen & Toubro Limited,56286683136,PNK,,
558,NGLOY,Anglo American plc,55781662720,OQX,,
559,LSEGY,London Stock Exchange Group plc,55618879488,OQX,,
560,LDNXF,London Stock Exchange Group plc,55560699904,OQX,,
561,F,Ford Motor Company,55547211776,NYQ,,
562,BAYRY,Bayer Aktiengesellschaft,55487311872,OQX,,
563,LOBLY,Loblaw Companies Limited,54960398336,PNK,,
564,EBKOF,Erste Group Bank AG,54938656768,PNK,,
565,CIIHY,CITIC Securities Company Limited,54684954624,PNK,,
566,HOCPF,HOYA Corporation,54676033536,PNK,,
567,CAH,"Cardinal Health, Inc.",54650642432,NYQ,,
568,HOCPY,HOYA Corporation,54506766336,PNK,,
569,EBKDY,Erste Group Bank AG,54352097280,PNK,,
570,MT,ArcelorMittal S.A.,54291005440,NYQ,,
571,TKPHF,Takeda Pharmaceutical Company Limited,54289551360,PNK,,
572,NDAQ,"Nasdaq, Inc.",54058696704,NMS,,
573,CHCJY,China CITIC Bank Corporation Limited,53947985920,PNK,,
574,SSUMF,Sumitomo Corporation,53880688640,PNK,,
575,CSLLY,CSL Limited,53829705728,OQX,,
576,UOVEY,United Overseas Bank Limited,53694939136,PNK,,
577,ENAKF,E.ON SE,53671264256,PNK,,
578,BAYZF,Bayer Aktiengesellschaft,53650178048,OQX,,
579,CMPGY,Compass Group PLC,53355827200,OQX,,
580,CMXHF,CSL Limited,53298114560,OQX,,
581,CMPGF,Compass Group PLC,53073575936,OQX,,
582,EONGY,E.ON SE,52886974464,PNK,,
583,STT,State Street Corporation,52707024896,NYQ,,
584,ALAB,"Astera Labs, Inc.",52642320384,NMS,,
585,DVN,Devon Energy Corporation,52613001216,NYQ,,
586,EW,Edwards Lifesciences Corporation,52440875008,NYQ,,
587,CBRS,Cerebras Systems Inc.,52266463232,NMS,,
588,ADSK,"Autodesk, Inc.",52108533760,NMS,,
589,SEMHF,Siemens Healthineers AG,52059541504,PNK,,
590,LHX,"L3Harris Technologies, Inc.",52054437888,NYQ,,
591,CTVA,"Corteva, Inc.",51981246464,NYQ,,
592,FITB,Fifth Third Bancorp,51955875840,NYQ,,
593,ASMXF,ASM International NV,51880763392,OID,,
594,DSDVF,DSV A/S,51759763456,PNK,,
595,PYPL,"PayPal Holdings, Inc.",51695501312,NMS,,
596,SSUMY,Sumitomo Corporation,51653427200,PNK,,
597,DGEAF,Diageo plc,51454099456,PNK,,
598,SSREY,Swiss Re AG,51415101440,PNK,,
599,CRWV,"CoreWeave, Inc.",51386662912,NMS,,
600,DSDVY,DSV A/S,51056816128,PNK,,
601,SMMNY,Siemens Healthineers AG,51035471872,PNK,,
602,HONA,Honeywell Aerospace Inc.,50953318400,NMS,,
603,BFFAF,BASF SE,50906312704,OQX,,
604,BASFY,BASF SE,50794393600,OQX,,
605,LBLCF,Loblaw Companies Limited,50638446592,PNK,,
606,CARR,Carrier Global Corporation,50630041600,NYQ,,
607,RKLB,Rocket Lab Corporation,50615779328,NMS,,
608,DEO,Diageo plc,50575781888,NYQ,,
609,SSREF,Swiss Re AG,50532065280,PNK,,
610,ETR,Entergy Corporation,50433531904,NYQ,,
611,RWEOY,RWE Aktiengesellschaft,50372927488,PNK,,
612,AXON,"Axon Enterprise, Inc.",50355011584,NMS,,
613,CHBJF,China CITIC Bank Corporation Limited,50303225856,PNK,,
614,SDVKF,Sandvik AB (publ),50258739200,PNK,,
615,AMSYF,ArcelorMittal S.A.,50106068992,PNK,,
616,WOPEF,Woodside Energy Group Ltd,50067730432,PNK,,
617,MBGAF,Mercedes-Benz Group AG,50020503552,PNK,,
618,ELEZF,"Endesa, S.A.",49998983168,PNK,,
619,MBGYY,Mercedes-Benz Group AG,49934340096,PNK,,
620,ORANY,Orange S.A.,49886425088,PNK,,
621,RWNFF,RWE Aktiengesellschaft,49878118400,PNK,,
622,WAB,Westinghouse Air Brake Technolo,49781403648,NYQ,,
623,CRZBF,Commerzbank AG,49718968320,PNK,,
624,MARUY,Marubeni Corporation,49702252544,PNK,,
625,LNVGY,Lenovo Group Limited,49699885056,PNK,,
626,AMP,"Ameriprise Financial, Inc.",49653866496,NYQ,,
627,CMCLF,CMOC Group Limited,49603391488,PNK,,
628,AU,AngloGold Ashanti plc,49540096000,NYQ,,
629,LZAGY,Lonza Group AG,49494253568,PNK,,
630,GDERF,GALDERMA GROUP AG,49471033344,PNK,,
631,DNBBF,DNB Bank ASA,49465733120,PNK,,
632,XEL,Xcel Energy Inc.,49452298240,NMS,,
633,BDX,"Becton, Dickinson and Company",49239367680,NYQ,,
634,STMEF,STMicroelectronics N.V.,49102258176,PNK,,
635,LZAGF,Lonza Group AG,49066270720,PNK,,
636,WMMVF,"Wal-Mart de México, S.A.B. de C.V.",49045180416,OID,,
637,ELEZY,"Endesa, S.A.",49030602752,PNK,,
638,MARUF,Marubeni Corporation,49012441088,PNK,,
639,FNCTF,Orange S.A.,48796737536,PNK,,
640,BSQKZ,"Block, Inc.",48664395776,PNK,,
641,DANOY,Danone S.A.,48596930560,OQX,,
642,CRZBY,Commerzbank AG,48594886656,PNK,,
643,SMTOF,"Sumitomo Electric Industries, Ltd.",48573407232,PNK,,
644,UCBJF,UCB SA,48540782592,PNK,,
645,GALDY,GALDERMA GROUP AG,48538279936,PNK,,
646,GPDNF,Danone S.A.,48532516864,OQX,,
647,FMXUF,"Fomento Económico Mexicano, S.A.B. de C.V.",48350294016,PNK,,
648,ROK,"Rockwell Automation, Inc.",48256176128,NYQ,,
649,LNVGF,Lenovo Group Limited,48254124032,PNK,,
650,TYHOY,Toyota Tsusho Corporation,48122277888,PNK,,
651,UCBJY,UCB SA,48046968832,PNK,,
652,ASMIY,ASM International NV,47958323200,OQX,,
653,HCMLF,Holcim AG,47928291328,PNK,,
654,INFY,Infosys Limited,47912960000,NYQ,,
655,WMMVY,"Wal-Mart de México, S.A.B. de C.V.",47864840192,OQX,,
656,DELKY,Delek Group Ltd.,47843332096,PNK,,
657,SWRAY,Swire Pacific Limited,47779713024,PNK,,
658,XYZ,"Block, Inc.",47721148416,NYQ,,
659,CCEP,Coca-Cola Europacific Partners PLC,47480168448,NMS,,
660,ANFGF,Antofagasta plc,47449284608,PNK,,
661,DNBBY,DNB Bank ASA,47361720320,PNK,,
662,FERG,Ferguson Enterprises Inc.,47293386752,NYQ,,
663,AMKBF,A.P. Møller - Mærsk A/S,47269052416,PNK,,
664,HCMLY,Holcim AG,47209226240,PNK,,
665,VST,Vistra Corp.,47163461632,NYQ,,
666,WDAY,"Workday, Inc.",47081787392,NMS,,
667,JPPHY,"Japan Post Holdings Co., Ltd.",46865498112,PNK,,
668,SDVKY,Sandvik AB (publ),46826229760,PNK,,
669,VTR,"Ventas, Inc.",46780706816,NYQ,,
670,EXC,Exelon Corporation,46680809472,NMS,,
671,STM,STMicroelectronics N.V.,46648545280,NYQ,,
672,AMKBY,A.P. Møller - Mærsk A/S,46648418304,PNK,,
673,HEINY,Heineken N.V.,46635667456,OQX,,
674,UMC,United Microelectronics Corporation,46346149888,NYQ,,
675,RVMD,"Revolution Medicines, Inc.",46296666112,NMS,,
676,ARES,Ares Management Corporation,46280777728,NYQ,,
677,DNKEY,Danske Bank A/S,46220079104,OID,,
678,CNSWY,"Constellation Software, Inc.",46155153408,PNK,,
679,DRPRY,Dr. Ing. h.c. F. Porsche AG,46005497856,PNK,,
680,HINKF,Heineken N.V.,45952786432,OQX,,
681,MDLN,Medline Inc.,45906178048,NMS,,
682,HUM,Humana Inc.,45870678016,NYQ,,
683,CRDO,Credo Technology Group Holding Ltd,45867970560,NMS,,
684,CNSWF,Constellation Software Inc.,45794897920,PNK,,
685,ANNSF,"Aena S.M.E., S.A.",45785341952,PNK,,
686,FER,Ferrovial N.V.,45698859008,NMS,,
687,HNHAF,"Hon Hai Precision Industry Co., Ltd.",45669306368,PNK,,
688,PTPIF,PT Chandra Asri Pacific Tbk,45540851712,PNK,,
689,EBAY,eBay Inc.,45510148096,NMS,,
690,ANYYY,"Aena S.M.E., S.A.",45480001536,PNK,,
691,PSKOF,Orlen S.A.,45369618432,PNK,,
692,TTWO,"Take-Two Interactive Software, Inc.",45324058624,NMS,,
693,AMKAF,A.P. Møller - Mærsk A/S,45291687936,PNK,,
694,DISPF,Disco Corporation,45070942208,PNK,,
695,CODYY,Compagnie de Saint-Gobain S.A.,44992315392,PNK,,
696,SMTOY,"Sumitomo Electric Industries, Ltd.",44985778176,PNK,,
697,FNV,Franco-Nevada Corporation,44931883008,NYQ,,
698,NTRA,"Natera, Inc.",44928299008,NMS,,
699,SLF,Sun Life Financial Inc.,44765421568,NYQ,,
700,JDCMF,"JD.com, Inc.",44738822144,PNK,,
701,TYHOF,Toyota Tsusho Corporation,44733235200,PNK,,
702,SWDBY,Swedbank AB (publ),44645183488,PNK,,
703,MSADF,"MS&AD Insurance Group Holdings, Inc.",44534714368,PNK,,
704,FLEX,Flex Ltd.,44417011712,NMS,,
705,DRPRF,Dr. Ing. h.c. F. Porsche AG,44411248640,PNK,,
706,SWDBF,Swedbank AB (publ),44353019904,PNK,,
707,MSADY,"MS&AD Insurance Group Holdings, Inc.",44333981696,PNK,,
708,GMGSF,Goodman Group,43963052032,PNK,,
709,CODGF,Compagnie de Saint-Gobain S.A.,43939717120,PNK,,
710,VIK,Viking Holdings Ltd,43852783616,NYQ,,
711,RBGPF,Reckitt Benckiser Group plc,43805413376,OQX,,
712,TRI,Thomson Reuters Corporation,43708026880,NMS,,
713,CTPCY,CITIC Limited,43693576192,PNK,,
714,DNSKF,Danske Bank A/S,43654090752,OID,,
715,VLKAF,Volkswagen AG,43602182144,PNK,,
716,IDXX,"IDEXX Laboratories, Inc.",43591168000,NMS,,
717,PPCCY,PICC Property and Casualty Company Limited,43386736640,PNK,,
718,SUHJY,Sun Hung Kai Properties Limited,43379769344,OID,,
719,PBCRF,PT Bank Central Asia Tbk,43363135488,PNK,,
720,VLKPF,Volkswagen AG,43352014848,PNK,,
721,SUHJF,Sun Hung Kai Properties Limited,43321815040,OID,,
722,ODFL,"Old Dominion Freight Line, Inc.",43257405440,NMS,,
723,RBGLY,Reckitt Benckiser Group plc,43234037760,OQX,,
724,TEVJF,Teva Pharmaceutical Industries Limited,43115958272,PNK,,
725,PRYMF,Prysmian S.p.A.,43062931456,PNK,,
726,PBCRY,PT Bank Central Asia Tbk,43043749888,PNK,,
727,PRU,"Prudential Financial, Inc.",42966298624,NYQ,,
728,VWAGY,Volkswagen AG,42910875648,PNK,,
729,ABEV,Ambev S.A.,42867593216,NYQ,,
730,HLN,Haleon plc,42752471040,NYQ,,
731,PAYX,"Paychex, Inc.",42657042432,NMS,,
732,CBRE,"CBRE Group, Inc.",42654441472,NYQ,,
733,TEVA,Teva Pharmaceutical Industries Limited,42626535424,NYQ,,
734,IX,ORIX Corporation,42513711104,NYQ,,
735,PWCDF,Power Corporation of Canada,42490884096,PNK,,
736,MCHP,Microchip Technology Incorporated,42457849856,NMS,,
737,ORXCF,ORIX Corporation,42405093376,PNK,,
738,RNECF,Renesas Electronics Corporation,42379476992,PNK,,
739,HLNCF,Haleon plc,42356613120,PNK,,
740,CMG,"Chipotle Mexican Grill, Inc.",42214346752,NYQ,,
741,PRYMY,Prysmian S.p.A.,42212487168,PNK,,
742,BMPSY,BANCA MONTE DEI PASCHI DI SIENA,42203627520,PNK,,
743,LGRVF,Legrand SA,42196951040,PNK,,
744,VWAPY,Volkswagen AG,42058674176,PNK,,
745,EQBBF,EQT AB (publ),42029977600,PNK,,
746,SWZCF,Swisscom AG,41979187200,OID,,
747,BSBR,Banco Santander (Brasil) S.A.,41930153984,NYQ,,
748,A,"Agilent Technologies, Inc.",41924198400,NYQ,,
749,KDP,Keurig Dr Pepper Inc.,41899831296,NMS,,
750,LYV,"Live Nation Entertainment, Inc.",41895436288,NYQ,,
751,CCJ,Cameco Corporation,41824231424,NYQ,,
752,ONC,BeOne Medicines AG,41759043584,NMS,,
753,RNECY,Renesas Electronics Corporation,41739853824,PNK,,
754,WCN,"Waste Connections, Inc.",41642258432,NYQ,,
755,HMC,"Honda Motor Co., Ltd.",41460629504,NYQ,,
756,KB,KB Financial Group Inc.,41318166528,NYQ,,
757,TEAM,Atlassian Corporation,41261625344,NMS,,
758,SSEZF,SSE plc,41062416384,PNK,,
759,LGRDY,Legrand SA,41048842240,PNK,,
760,MSCI,MSCI Inc.,40913379328,NYQ,,
761,DSCSY,Disco Corporation,40827252736,PNK,,
762,DHI,"D.R. Horton, Inc.",40746881024,NYQ,,
763,OTSKF,"Otsuka Holdings Co., Ltd.",40733749248,PNK,,
764,PINXY,The People's Insurance Company (Group) of China Limited,40702578688,PNK,,
765,SVKEF,Skandinaviska Enskilda Banken AB (publ),40648839168,PNK,,
766,ERBKY,Eurobank S.A.,40617422848,PNK,,
767,ASAZF,ASSA ABLOY AB (publ),40487796736,PNK,,
768,SCMWY,Swisscom AG,40453775360,OID,,
769,NIPNF,NEC Corporation,40446861312,PNK,,
770,ED,"Consolidated Edison, Inc.",40370495488,NYQ,,
771,DTGHF,Daimler Truck Holding AG,40302698496,PNK,,
772,IBIDY,"Ibiden Co.,Ltd.",40288174080,PNK,,
773,BMDPF,Banca Monte dei Paschi di Siena S.p.A.,40259039232,PNK,,
774,OTSKY,"Otsuka Holdings Co., Ltd.",40245133312,PNK,,
775,ASAZY,ASSA ABLOY AB (publ),40210104320,PNK,,
776,NTAP,"NetApp, Inc.",40171118592,NMS,,
777,FINMF,Leonardo S.p.a.,40093569024,PNK,,
778,SWRAF,Swire Pacific Limited,40088522752,PNK,,
779,AVIFY,Advanced Info Service Public Company Limited,40013561856,PNK,,
780,FMX,"Fomento Económico Mexicano, S.A.B. de C.V.",39965343744,NYQ,,
781,WEICF,"Weichai Power Co., Ltd.",39831416832,PNK,,
782,AIG,"American International Group, Inc.",39802630144,NYQ,,
783,ADM,Archer-Daniels-Midland Company,39737565184,NYQ,,
784,FSUMF,Fortescue Ltd,39718645760,OQX,,
785,RKT,"Rocket Companies, Inc.",39614676992,NYQ,,
786,YUM,"Yum! Brands, Inc.",39532449792,NYQ,,
787,DTRUY,Daimler Truck Holding AG,39531081728,PNK,,
788,IQV,IQVIA Holdings Inc.,39508938752,NYQ,,
789,WEGZY,WEG S.A.,39440797696,OID,,
790,VEEV,Veeva Systems Inc.,39433109504,NYQ,,
791,SSEZY,SSE plc,39421849600,PNK,,
792,BMWKY,Bayerische Motoren Werke AG,39406960640,PNK,,
793,WAT,Waters Corporation,39397072896,NYQ,,
794,FINMY,Leonardo S.p.a.,39355154432,PNK,,
795,KMTUY,Komatsu Ltd.,39328505856,PNK,,
796,CTPCF,CITIC Limited,39271854080,PNK,,
797,PCG,PG&E Corporation,39246180352,NYQ,,
798,AAVMY,ABN AMRO Bank N.V.,39222857728,PNK,,
799,SYY,Sysco Corporation,39221432320,NYQ,,
800,CLS,Celestica Inc.,39168851968,NYQ,,
801,SDZNY,Sandoz Group AG,39125508096,OQX,,
802,ROP,"Roper Technologies, Inc.",38983757824,NMS,,
803,HOCFF,HOCHTIEF Aktiengesellschaft,38977400832,PNK,,
804,SDZXF,Sandoz Group AG,38957481984,OQX,,
805,HNDAF,"Honda Motor Co., Ltd.",38891233280,PNK,,
806,NHOLF,"Sompo Holdings, Inc.",38883667968,PNK,,
807,FJTSY,Fujitsu Limited,38861553664,PNK,,
808,OTPBF,OTP Bank Nyrt.,38805131264,PNK,,
809,SAABY,Saab AB (publ),38782763008,PNK,,
810,KMTUF,Komatsu Ltd.,38697615360,PNK,,
811,IBIDF,"Ibiden Co.,Ltd.",38622539776,PNK,,
812,COIN,"Coinbase Global, Inc.",38580871168,NMS,,
813,EXPE,"Expedia Group, Inc.",38577500160,NMS,,
814,ADYEY,Adyen N.V.,38537838592,PNK,,
815,UAL,"United Airlines Holdings, Inc.",38532919296,NMS,,
816,TGOPY,3i Group plc,38492631040,PNK,,
817,TYIDY,Toyota Industries Corporation,38459981824,PNK,,
818,FSUGY,Fortescue Ltd,38394695680,OQX,,
819,ABMRF,ABN AMRO Bank N.V.,38383472640,PNK,,
820,SAABF,Saab AB (publ),38244114432,PNK,,
821,SKFOF,Sika AG,38230142976,PNK,,
822,TGOPF,3i Group plc,38182690816,PNK,,
823,HIG,"The Hartford Insurance Group, Inc.",38093221888,NYQ,,
824,FJTSF,Fujitsu Limited,38082588672,PNK,,
825,PSZKY,Powszechna Kasa Oszczednosci Bank Polski Spólka Akcyjna,38062501888,PNK,,
826,MAHMF,Mahindra & Mahindra Limited,38004125696,PNK,,
827,TTRAF,Telstra Group Limited,37873065984,PNK,,
828,PUKPF,Prudential plc,37856215040,PNK,,
829,IRM,Iron Mountain Incorporated,37710016512,NYQ,,
830,TSCDY,Tesco PLC,37704548352,OQX,,
831,PEG,Public Service Enterprise Group Incorporated,37680553984,NYQ,,
832,HEI-A,HEICO Corporation,37558702080,NYQ,,
833,CCL,Carnival Corporation Ltd.,37350334464,NYQ,,
834,ESLT,Elbit Systems Ltd.,37283311616,NMS,,
835,VOD,Vodafone Group Public Limited Company,37276471296,NMS,,
836,SMPNY,"Sompo Holdings, Inc.",37115015168,PNK,,
837,HENOF,Henkel AG & Co. KGaA,37043859456,PNK,,
838,ADYYF,Adyen N.V.,36961951744,PNK,,
839,TLGPY,Telstra Group Limited,36870537216,PNK,,
840,HSY,The Hershey Company,36859813888,NYQ,,
841,DLMAF,Dollarama Inc.,36815134720,PNK,,
842,MSTR,Strategy Inc,36756496384,NMS,,
843,TSCDF,Tesco PLC,36687187968,OQX,,
844,BAMXF,Bayerische Motoren Werke Aktiengesellschaft,36646891520,PNK,,
845,SXYAY,Sika AG,36467838976,PNK,,
846,TLLXY,Talanx AG,36458455040,PNK,,
847,TTDKY,TDK Corporation,36425576448,PNK,,
848,PSZKF,Powszechna Kasa Oszczednosci Bank Polski Spólka Akcyjna,36424998912,PNK,,
849,BLMIF,Bank Leumi le-Israel B.M.,36422057984,PNK,,
850,EME,"EMCOR Group, Inc.",36369936384,NYQ,,
851,TKO,"TKO Group Holdings, Inc.",36360605696,NYQ,,
852,DKILY,"Daikin Industries,Ltd.",36350697472,PNK,,
853,EC,Ecopetrol S.A.,36347158528,NYQ,,
854,MTB,M&T Bank Corporation,36320690176,NYQ,,
855,PPRUY,Kering SA,36307296256,PNK,,
856,DKILF,"Daikin Industries,Ltd.",36256063488,PNK,,
857,TTDKF,TDK Corporation,36254744576,PNK,,
858,WEC,"WEC Energy Group, Inc.",36185575424,NYQ,,
859,FANUF,Fanuc Corporation,36150530048,PNK,,
860,BAIDF,"Baidu, Inc.",36111155200,PNK,,
861,KVUE,Kenvue Inc.,36110540800,NYQ,,
862,ACSAF,"ACS, Actividades de Construcción y Servicios, S.A.",35939704832,PNK,,
863,FANUY,Fanuc Corporation,35926573056,PNK,,
864,GVDNY,Givaudan SA,35849818112,PNK,,
865,KMB,Kimberly-Clark Corporation,35825414144,NMS,,
866,STLD,"Steel Dynamics, Inc.",35804790784,NMS,,
867,NPSNY,Naspers Limited,35760242688,PNK,,
868,PPRUF,Kering SA,35753058304,PNK,,
869,HVRRY,Hannover Rück SE,35729805312,PNK,,
870,HBAN,Huntington Bancshares Incorporated,35680526336,NMS,,
871,TWLO,Twilio Inc.,35644809216,NYQ,,
872,ALC,Alcon Inc.,35554070528,NYQ,,
873,VG,"Venture Global, Inc.",35501318144,NYQ,,
874,JBL,Jabil Inc.,35483004928,NYQ,,
875,UI,Ubiquiti Inc.,35292241920,NYQ,,
876,HENOY,Henkel AG & Co. KGaA,35254419456,PNK,,
877,SHG,"Shinhan Financial Group Co., Ltd.",35248906240,NYQ,,
878,VMC,Vulcan Materials Company,35200061440,NYQ,,
879,HVRRF,Hannover Rück SE,35169742848,PNK,,
880,GUOSF,"Guotai Haitong Securities Co., Ltd.",35162116096,PNK,,
881,TTNDF,Techtronic Industries Company Limited,35108921344,OQX,,
882,FANDY,FirstRand Limited,35083091968,PNK,,
883,QSR,Restaurant Brands International Inc.,35072974848,NYQ,,
884,MDB,"MongoDB, Inc.",34957324288,NGM,,
885,VODPF,Vodafone Group Public Limited Company,34896138240,PNK,,
886,NTRS,Northern Trust Corporation,34867687424,NMS,,
887,PUK,Prudential plc,34852540416,NYQ,,
888,SHLAF,Schindler Holding AG,34835046400,PNK,,
889,CKHUF,CK Hutchison Holdings Limited,34815102976,PNK,,
890,RSHGY,"Resona Holdings, Inc.",34780876800,PNK,,
891,REPYY,"Repsol, S.A.",34668679168,OQX,,
892,SHLRF,Schindler Holding AG,34624622592,PNK,,
893,RPRX,Royalty Pharma plc,34490998784,NMS,,
894,RJF,"Raymond James Financial, Inc.",34443530240,NYQ,,
895,EXPGF,Experian plc,34426834944,OQX,,
896,EXPGY,Experian plc,34426834944,OQX,,
897,RSNHF,"Resona Holdings, Inc.",34366685184,PNK,,
898,CKHGY,Capitec Bank Holdings Limited,34348410880,PNK,,
899,ICTEY,"International Container Terminal Services, Inc.",34185779200,PNK,,
900,FRFHF,Fairfax Financial Holdings Limited,34156070912,PNK,,
901,HELKF,Henkel AG & Co. KGaA,34132979712,PNK,,
902,HHUSF,Hua Hong Grace Semiconductor Limited,34131509248,PNK,,
903,GVDBF,Givaudan SA,34056265728,PNK,,
904,CKHUY,CK Hutchison Holdings Limited,34049095680,PNK,,
905,PUTRY,PTT Public Company Limited,33819256832,PNK,,
906,DXCM,"DexCom, Inc.",33811523584,NMS,,
907,BPXXY,BPER Banca SpA,33801256960,PNK,,
908,ACGL,Arch Capital Group Ltd.,33750974464,NMS,,
909,MLYBY,Malayan Banking Berhad,33565233152,PNK,,
910,DASTF,Dassault Systèmes SE,33507352576,PNK,,
911,BKHYY,Bank Hapoalim B.M.,33450223616,PNK,,
912,AJINF,"Ajinomoto Co., Inc.",33366757376,PNK,,
913,IFCZF,Intact Financial Corporation,33328238592,PNK,,
914,CHT,"Chunghwa Telecom Co., Ltd.",33279447040,NYQ,,
915,DASTY,Dassault Systèmes SE,33270829056,PNK,,
916,CQP,"Cheniere Energy Partners, L.P.",33264445440,NYQ,,
917,EQT,EQT Corporation,33239920640,NYQ,,
918,NTR,Nutrien Ltd.,33118380032,NYQ,,
919,BBD,Banco Bradesco S.A.,33110689792,NYQ,,
920,ERIC,Telefonaktiebolaget LM Ericsson (publ),33031456768,NMS,,
921,TCKRF,Teck Resources Limited,33027192832,PNK,,
922,SHNDY,Schindler Holding AG,32905914368,PNK,,
923,CKHGF,Capitec Bank Holdings Limited,32873986048,PNK,,
924,AJNMY,"Ajinomoto Co., Inc.",32861491200,PNK,,
925,REPYF,"Repsol, S.A.",32838850560,OQX,,
926,ACSAY,"ACS, Actividades de Construcción y Servicios, S.A.",32823615488,PNK,,
927,GEHC,GE HealthCare Technologies Inc.,32805969920,NMS,,
928,TTNDY,Techtronic Industries Company Limited,32798791680,OQX,,
929,BBDO,Banco Bradesco S.A.,32783939584,NYQ,,
930,SZLMY,Swiss Life Holding AG,32754495488,PNK,,
931,HENKY,Henkel AG & Co. KGaA,32647178240,PNK,,
932,BPERF,BPERF,32643606528,PNK,,
933,ITCTY,ITC Limited,32577431552,PNK,,
934,OTPGF,OTP Bank Nyrt.,32557512704,PNK,,
935,GASNF,"Naturgy Energy Group, S.A.",32555417600,PNK,,
936,RSMDF,ResMed Inc.,32427917312,PNK,,
937,EXR,Extra Space Storage Inc.,32425617408,NYQ,,
938,CCI,Crown Castle Inc.,32351109120,NYQ,,
939,SUNB,"Sunbelt Rentals Holdings, Inc.",32303867904,NYQ,,
940,BEIGF,BeOne Medicines AG,32273526784,PNK,,
941,JPHLF,"Japan Post Holdings Co., Ltd.",32267034624,PNK,,
942,OLCLF,"Oriental Land Co., Ltd.",32220430336,PNK,,
943,CNC,Centene Corporation,32218355712,NYQ,,
944,CICOY,"COSCO SHIPPING Holdings Co., Ltd.",32198260736,PNK,,
945,KGC,Kinross Gold Corporation,32170850304,NYQ,,
946,ADRNY,Koninklijke Ahold Delhaize N.V.,32075802624,OQX,,
947,SWSDF,Swiss Life Holding AG,32030013440,PNK,,
948,AHODF,Koninklijke Ahold Delhaize N.V.,31892312064,OQX,,
949,ERIXF,Telefonaktiebolaget LM Ericsson (publ),31885666304,PNK,,
950,ADDDF,adidas AG,31849189376,OQX,,
951,RMD,ResMed Inc.,31732621312,NYQ,,
952,DNZOF,DENSO Corporation,31715328000,PNK,,
953,TPG,TPG Inc.,31647776768,NMS,,
954,SVNLF,Svenska Handelsbanken AB (publ),31640340480,PNK,,
955,CASY,"Casey's General Stores, Inc.",31639199744,NMS,,
956,GASNY,"Naturgy Energy Group, S.A.",31634493440,PNK,,
957,GBOOF,"Grupo Financiero Banorte, S.A.B. de C.V.",31631126528,OQX,,
958,ICTEF,"International Container Terminal Services, Inc.",31601147904,PNK,,
959,UMGNF,Universal Music Group N.V.,31558318080,PNK,,
960,HDLMY,HEIDELBERG MATERIALS AG,31556444160,PNK,,
961,HLBZF,Heidelberg Materials AG,31549411328,PNK,,
962,DSKYF,"Daiichi Sankyo Company, Limited",31534589952,PNK,,
963,KYOCF,Kyocera Corporation,31532881920,PNK,,
964,SGBLY,Standard Bank Group Limited,31511732224,PNK,,
965,BIIB,Biogen Inc.,31405113344,NMS,,
966,MLM,"Martin Marietta Materials, Inc.",31403022336,NYQ,,
967,EPOAY,Epiroc Aktiebolag,31373729792,PNK,,
968,TECK,Teck Resources Limited,31354245120,NYQ,,
969,IR,Ingersoll Rand Inc.,31338713088,NYQ,,
970,FANDF,FirstRand Limited,31314204672,PNK,,
971,VWSYF,Vestas Wind Systems A/S,31260952576,PNK,,
972,BRDCY,Bridgestone Corporation,31255631872,PNK,,
973,MLYNF,Malayan Banking Berhad,31206592512,PNK,,
974,ADDYY,adidas AG,31196205056,OQX,,
975,EPIAF,Epiroc AB (publ),31155941376,PNK,,
976,UNVGY,Universal Music Group N.V.,31107876864,PNK,,
977,CFG,"Citizens Financial Group, Inc.",30939648000,NYQ,,
978,ON,ON Semiconductor Corporation,30919135232,NMS,,
979,KHNGF,Kuehne + Nagel International AG,30877618176,PNK,,
980,TNXXF,Talanx AG,30862127104,PNK,,
981,KHNGY,Kuehne + Nagel International AG,30859806720,PNK,,
982,ATI,ATI Inc.,30837145600,NYQ,,
983,TDY,Teledyne Technologies Incorporated,30826522624,NYQ,,
984,BIDU,"Baidu, Inc.",30821879808,NMS,,
985,VWDRY,Vestas Wind Systems A/S,30801928192,PNK,,
986,NSKFF,Kongsberg Gruppen ASA,30786322432,PNK,,
987,DSNKY,"Daiichi Sankyo Company, Limited",30715746304,PNK,,
988,ZM,"Zoom Communications, Inc.",30704345088,NMS,,
989,FTI,TechnipFMC plc,30702548992,NYQ,,
990,CICOF,"COSCO SHIPPING Holdings Co., Ltd.",30688266240,PNK,,
991,FSNUF,Fresenius SE & Co. KGaA,30611943424,PNK,,
992,ALNY,"Alnylam Pharmaceuticals, Inc.",30590103552,NMS,,
993,OLCLY,"Oriental Land Co., Ltd.",30580713472,PNK,,
994,FSNUY,Fresenius SE & Co. KGaA,30572517376,PNK,,
995,ZTS,Zoetis Inc.,30562017280,NYQ,,
996,CHHQY,China Hongqiao Group Limited,30528507904,PNK,,
997,SVNLY,Svenska Handelsbanken AB (publ),30518009856,PNK,,
998,PINXF,The People's Insurance Company (Group) of China Limited,30514554880,PNK,,
999,WTW,Willis Towers Watson Public Limited Company,30452707328,NMS,,
1000,RDDT,"Reddit, Inc.",30446747648,NYQ,,
1001,DLICY,"Daiichi Life Group, Inc.",30416285696,PNK,,
1002,GBOOY,"Grupo Financiero Banorte, S.A.B. de C.V.",30393626624,OQX,,
1003,CBOE,"Cboe Global Markets, Inc.",30388379648,BTS,,
1004,AEE,Ameren Corporation,30361399296,NYQ,,
1005,BIP,Brookfield Infrastructure Partn,30342502400,NYQ,,
1006,AVIVF,Advanced Info Service Public Company Limited,30336940032,PNK,,
1007,SMECF,SMC Corporation,30320111616,PNK,,
1008,KBGGY,Kongsberg Gruppen ASA,30311331840,PNK,,
1009,PITAF,Poste Italiane S.p.A.,30302525440,PNK,,
1010,KNYJF,KONE Oyj,30112278528,PNK,,
1011,KYOAY,Kyocera Corp.,30091376640,PNK,,
1012,BKHPF,Bank Hapoalim B.M.,30074081280,PNK,,
1013,ZS,"Zscaler, Inc.",30029457408,NMS,,
1014,BNCZF,Banco BPM S.p.A.,30026055680,PNK,,
1015,NVZMF,Novozymes A/S,30011133952,PNK,,
1016,TRAUF,Transurban Group,29953765376,PNK,,
1017,NVZMY,Novozymes A/S,29927213056,PNK,,
1018,DNZOY,DENSO Corporation,29910188032,PNK,,
1019,KNYJY,KONE Oyj,29682104320,PNK,,
1020,BRDCF,Bridgestone Corporation,29681698816,PNK,,
1021,SUTNY,"Sumitomo Mitsui Trust Group, Inc.",29632415744,OID,,
1022,HMRZF,H & M Hennes & Mauritz AB (publ),29628682240,PNK,,
1023,HNNMY,H & M Hennes & Mauritz AB (publ),29612720128,PNK,,
1024,SAXPY,Sampo Oyj,29506562048,PNK,,
1025,SVNDF,"Seven & i Holdings Co., Ltd.",29471762432,PNK,,
1026,LVS,Las Vegas Sands Corp.,29450973184,NYQ,,
1027,KHC,The Kraft Heinz Company,29432145920,NMS,,
1028,PUBGY,Publicis Groupe S.A.,29407154176,OQX,,
1029,DCNSF,"Daiichi Life Group, Inc.",29323325440,PNK,,
1030,BAP,Credicorp Ltd.,29261254656,NYQ,,
1031,DLMAY,"Dollarama, Inc.",29238732800,PNK,,
1032,DTE,DTE Energy Company,29176029184,NYQ,,
1033,CPRT,"Copart, Inc.",29172318208,NMS,,
1034,FNLPF,Fresnillo plc,29129402368,PNK,,
1035,CRBJY,China Resources Land Limited,29046884352,PNK,,
1036,LPLA,LPL Financial Holdings Inc.,29034645504,NMS,,
1037,FOXA,Fox Corporation,28968448000,NMS,,
1038,SMCAY,SMC Corporation,28886439936,PNK,,
1039,HAL,Halliburton Company,28876298240,NYQ,,
1040,FTS,Fortis Inc.,28850524160,NYQ,,
1041,ATO,Atmos Energy Corporation,28814237696,NYQ,,
1042,SVNDY,"Seven & i Holdings Co., Ltd.",28791644160,PNK,,
1043,SGGKY,Singapore Technologies Engineering Ltd,28775587840,PNK,,
1044,SAXPF,Sampo Oyj,28756060160,PNK,,
1045,RYAAY,Ryanair Holdings plc,28747593728,NMS,,
1046,VEOEY,Veolia Environnement SA,28718718976,PNK,,
1047,GFIOF,Gold Fields Limited,28710834176,PNK,,
1048,PBA,Pembina Pipeline Corporation,28705556480,NYQ,,
1049,TRPCF,Trip.com Group Limited,28651587584,PNK,,
1050,PGPEF,Publicis Groupe S.A.,28618035200,OQX,,
1051,VEOEF,Veolia Environnement SA,28550303744,PNK,,
1052,VICI,VICI Properties Inc.,28528918528,NYQ,,
1053,ILMN,"Illumina, Inc.",28431788032,NMS,,
1054,CHHQF,China Hongqiao Group Limited,28427157504,PNK,,
1055,WSM,"Williams-Sonoma, Inc.",28422854656,NYQ,,
1056,CMTDF,"Sumitomo Mitsui Trust Group, Inc.",28365602816,OID,,
1057,EIX,Edison International,28356943872,NYQ,,
1058,MTNOF,MTN Group Limited,28339640320,PNK,,
1059,OWL,Blue Owl Capital Inc.,28306722816,NYQ,,
1060,NMR,"Nomura Holdings, Inc.",28203022336,NYQ,,
1061,IPXHY,Inpex Corporation,28125724672,PNK,,
1062,ALL-PH,The Allstate Corporation,28116439040,NYQ,,
1063,TCOM,Trip.com Group Limited,28053366784,NMS,,
1064,INSM,Insmed Incorporated,28053288960,NMS,,
1065,MTD,Mettler-Toledo International Inc.,28044572672,NYQ,,
1066,CPNG,"Coupang, Inc.",28005232640,NYQ,,
1067,MITEF,"Mitsubishi Estate Co., Ltd.",27976032256,PNK,,
1068,Q,"Qnity Electronics, Inc.",27946078208,NYQ,,
1069,NTOIF,Neste Oyj,27773419520,PNK,,
1070,ARLUF,Aristocrat Leisure Limited,27694788608,PNK,,
1071,DNNGY,Ørsted A/S,27623682048,PNK,,
1072,NRSCF,"Nomura Holdings, Inc.",27618502656,PNK,,
1073,FISV,"Fiserv, Inc.",27502974976,NMS,,
1074,AMADY,"Amadeus IT Group, S.A.",27420932096,PNK,,
1075,NTOIY,Neste Oyj,27396960256,PNK,,
1076,GFS,GLOBALFOUNDRIES Inc.,27380174848,NMS,,
1077,DOV,Dover Corporation,27348166656,NYQ,,
1078,FE,FirstEnergy Corp.,27346522112,NYQ,,
1079,DUAVF,Dassault Aviation société anonyme,27294044160,PNK,,
1080,ALPMF,Astellas Pharma Inc.,27253809152,PNK,,
1081,TNRSF,Tenaris S.A.,27209791488,PNK,,
1082,TSEM,Tower Semiconductor Ltd.,27189665792,NMS,,
1083,HPGLY,Hapag-Lloyd Aktiengesellschaft,27179571200,PNK,,
1084,MDIBY,Mediobanca Banca di Credito Finanziario S.p.A.,27173001216,PNK,,
1085,ES,Eversource Energy,27160500224,NYQ,,
1086,BKRKF,PT Bank Rakyat Indonesia (Persero) Tbk,27103488000,PNK,,
1087,CRBJF,China Resources Land Limited,27097569280,PNK,,
1088,AWK,"American Water Works Company, Inc.",27080800256,NYQ,,
1089,HXGBF,Hexagon AB (publ),27058903040,PNK,,
1090,RF,Regions Financial Corporation,27006167040,NYQ,,
1091,ROIV,Roivant Sciences Ltd.,26993209344,NMS,,
1092,WNGRF,George Weston Limited,26976327680,PNK,,
1093,RYLPF,Koninklijke Philips N.V.,26961358848,PNK,,
1094,RBLX,Roblox Corporation,26910539776,NYQ,,
1095,AMADF,"Amadeus IT Group, S.A.",26786750464,PNK,,
1096,OTIS,Otis Worldwide Corporation,26780088320,NYQ,,
1097,MITEY,"Mitsubishi Estate Co., Ltd.",26727317504,PNK,,
1098,HLAGF,Hapag-Lloyd Aktiengesellschaft,26722592768,PNK,,
1099,TPR,"Tapestry, Inc.",26722433024,NYQ,,
1100,CPAY,"Corpay, Inc.",26711638016,NYQ,,
1101,CNP,"CenterPoint Energy, Inc.",26704519168,NYQ,,
1102,DG,Dollar General Corporation,26655688704,NYQ,,
1103,NVT,nVent Electric plc,26646673408,NYQ,,
1104,BTGOF,BT Group plc,26604777472,PNK,,
1105,XYL,Xylem Inc.,26603489280,NYQ,,
1106,HLVTY,Helvetia Baloise Holding AG,26495367168,PNK,,
1107,PHG,Koninklijke Philips N.V.,26488285184,NYQ,,
1108,IMBBY,Imperial Brands PLC,26459940864,OQX,,
1109,CRS,Carpenter Technology Corporation,26430758912,NYQ,,
1110,IMBBF,Imperial Brands PLC,26421999616,OQX,,
1111,HXGBY,Hexagon AB (publ),26366449664,PNK,,
1112,AIBGY,AIB Group plc,26322835456,PNK,,
1113,CINF,Cincinnati Financial Corporation,26298464256,NMS,,
1114,AVB,Vivmark Residential,26283393024,NYQ,,
1115,SYF,Synchrony Financial,26218383360,NYQ,,
1116,AIVAF,Aviva plc,26201569280,OQX,,
1117,EXXRF,Exor N.V.,26182420480,PNK,,
1118,ECHO,EchoStar Corporation,26144163840,NMS,,
1119,LH,Labcorp Holdings Inc.,26128797696,NYQ,,
1120,ASTS,"AST SpaceMobile, Inc.",26101463040,NMS,,
1121,CTOWY,China Tower Corporation Limited,26099431424,PNK,,
1122,FQVLF,First Quantum Minerals Ltd.,26077284352,PNK,,
1123,DGX,Quest Diagnostics Incorporated,26075705344,NYQ,,
1124,WRB,W. R. Berkley Corporation,26049034240,NYQ,,
1125,AIBRF,AIB Group plc,26029664256,PNK,,
1126,CTSH,Cognizant Technology Solutions Corporation,26026665984,NMS,,
1127,ANPDF,ANTA Sports Products Limited,26014992384,PNK,,
1128,CHLSY,Chocoladefabriken Lindt & Sprüngli AG,25931782144,PNK,,
1129,SN,"SharkNinja, Inc.",25872756736,NYQ,,
1130,ALPMY,Astellas Pharma Inc.,25855258624,PNK,,
1131,MTRJF,MTR Corporation Limited,25788848128,PNK,,
1132,HRSHF,"Haier Smart Home Co., Ltd.",25788479488,PNK,,
1133,HELNF,Helvetia Baloise Holding AG,25787215872,PNK,,
1134,AIPUY,Airports of Thailand Public Company Limited,25785688064,PNK,,
1135,JBHT,"J.B. Hunt Transport Services, Inc.",25750536192,NMS,,
1136,FOX,Fox Corporation,25695178752,NMS,,
1137,CW,Curtiss-Wright Corporation,25694183424,NYQ,,
1138,BKRKY,PT Bank Rakyat Indonesia (Persero) Tbk,25627852800,PNK,,
1139,FWONK,Formula One Group,25577277440,NMS,,
1140,HUBB,Hubbell Incorporated,25563568128,NYQ,,
1141,SIGGF,Sigma Healthcare Limited,25540442112,PNK,,
1142,BNNCY,Banco BPM S.p.A.,25507094528,PNK,,
1143,ANPDY,ANTA Sports Products Limited,25488596992,PNK,,
1144,WXIBF,WuXi Biologics (Cayman) Inc.,25458741248,PNK,,
1145,OMVKY,OMV Aktiengesellschaft,25439277056,OQX,,
1146,CLPHY,CLP Holdings Limited,25416095744,PNK,,
1147,TPL,Texas Pacific Land Corporation,25200588800,NYQ,,
1148,RSTRF,Restaurant Brands International Limited Partnership,25170288640,PNK,,
1149,WXXWY,WuXi Biologics (Cayman) Inc.,25150773248,PNK,,
1150,MRNA,"Moderna, Inc.",25135892480,NMS,,
1151,ICAGY,International Consolidated Airlines Group S.A.,25090439168,PNK,,
1152,PPG,"PPG Industries, Inc.",25077661696,NYQ,,
1153,DLTR,"Dollar Tree, Inc.",25074939904,NMS,,
1154,GELHY,Geely Automobile Holdings Limited,25070032896,PNK,,
1155,EPOBY,EPOBY,25033648128,PNK,,
1156,INCY,Incyte Corporation,25027090432,NMS,,
1157,VRSN,"VeriSign, Inc.",25017294848,NMS,,
1158,OKTA,"Okta, Inc.",25014353920,NMS,,
1159,TRUMF,Terumo Corporation,24988219392,PNK,,
1160,SZKMF,Suzuki Motor Corporation,24964802560,PNK,,
1161,FCNCA,"First Citizens BancShares, Inc.",24931481600,NMS,,
1162,HNSPF,Hansoh Pharmaceutical Group Company Limited,24918747136,PNK,,
1163,PMRTY,Pop Mart International Group Limited,24918108160,PNK,,
1164,GELYF,Geely Automobile Holdings Limited,24913645568,PNK,,
1165,SZKMY,Suzuki Motor Corporation,24887631872,PNK,,
1166,DRI,"Darden Restaurants, Inc.",24849750016,NYQ,,
1167,SW,Smurfit Westrock Plc,24809932800,NYQ,,
1168,DSMFF,DSM-Firmenich AG,24804284416,OQX,,
1169,BABWF,International Consolidated Airlines Group S.A.,24783390720,PNK,,
1170,DSFIY,DSM Firmenich AG,24771010560,OQX,,
1171,IPXHF,Inpex Corporation,24755286016,PNK,,
1172,BDRBF,Bombardier Inc.,24754020352,PNK,,
1173,BDRAF,Bombardier Inc.,24677070848,PNK,,
1174,HSHCY,"Haier Smart Home Co., Ltd.",24663164928,PNK,,
1175,AFRM,"Affirm Holdings, Inc.",24635138048,NMS,,
1176,BSP,Bending Spoons S.p.A.,24614748160,NMS,,
1177,EQR,Equity Residential,24611481600,NYQ,,
1178,ALFVF,Alfa Laval AB (publ),24592914432,PNK,,
1179,MTSFF,"Mitsui Fudosan Co., Ltd.",24552718336,PNK,,
1180,OMVJF,OMV Aktiengesellschaft,24460843008,OQX,,
1181,KEY,KeyCorp,24431679488,NYQ,,
1182,AMRZ,Amrize Ltd,24409290752,NYQ,,
1183,WST,"West Pharmaceutical Services, Inc.",24391534592,NYQ,,
1184,ARXS,"Arxis, Inc.",24367538176,NMS,,
1185,EJPRY,East Japan Railway Company,24297555968,PNK,,
1186,NRG,"NRG Energy, Inc.",24291921920,NYQ,,
1187,CEBCF,China Everbright Bank Company Limited,24225075200,PNK,,
1188,PFG,"Principal Financial Group, Inc.",24223799296,NMS,,
1189,SMCI,"Super Micro Computer, Inc.",24199520256,NMS,,
1190,SGGKF,Singapore Technologies Engineering Ltd,24174612480,PNK,,
1191,EXPD,"Expeditors International of Washington, Inc.",24171755520,NYQ,,
1192,CAJFF,Canon Inc.,24145500160,PNK,,
1193,MTSFY,"Mitsui Fudosan Co., Ltd.",24139917312,PNK,,
1194,HRNNF,Hydro One Limited,24045852672,PNK,,
1195,TEFOF,"Telefónica, S.A.",23920080896,PNK,,
1196,FUJIF,FUJIFILM Holdings Corporation,23919747072,PNK,,
1197,GPN,Global Payments Inc.,23913564160,NYQ,,
1198,ALFVY,Alfa Laval AB (publ),23824128000,PNK,,
1199,MTUAF,MTU Aero Engines AG,23798044672,PNK,,
1200,QBIEY,QBE Insurance Group Limited,23754987520,PNK,,
1201,RAIFY,Raiffeisen Bank International AG,23738810368,PNK,,
1202,XPO,"XPO, Inc.",23735769088,NYQ,,
1203,ORLNY,ORLNY,23699470336,PNK,,
1204,IDDTF,AB Industrivärden (publ),23689664512,PNK,,
1205,CLEGF,Coles Group Limited,23680366592,PNK,,
1206,OMC,Omnicom Group Inc.,23678797824,NYQ,,
1207,CAJPY,Canon Inc.,23656007680,PNK,,
1208,NXGPY,NEXT plc,23649107968,PNK,,
1209,FSLR,"First Solar, Inc.",23644428288,NMS,,
1210,TELFY,"Telefónica, S.A.",23638667264,PNK,,
1211,ICHGF,InterContinental Hotels Group PLC,23603312640,PNK,,
1212,NXGPF,NEXT plc,23595227136,PNK,,
1213,FUJIY,FUJIFILM Holdings Corporation,23584868352,PNK,,
1214,PGPHF,Partners Group Holding AG,23550158848,PNK,,
1215,AKRBF,Aker BP ASA,23545198592,OQX,,
1216,TROW,"T. Rowe Price Group, Inc.",23533004800,NMS,,
1217,AER,AerCap Holdings N.V.,23517878272,NYQ,,
1218,CHD,"Church & Dwight Co., Inc.",23514021888,NYQ,,
1219,TRUMY,Terumo Corporation,23513116672,PNK,,
1220,SGSOF,SGS SA,23512387584,PNK,,
1221,IHG,InterContinental Hotels Group PLC,23511851008,NYQ,,
1222,VLTO,Veralto Corporation,23421227008,NYQ,,
1223,NNGRY,NN Group N.V.,23419056128,PNK,,
1224,ROKU,"Roku, Inc.",23417546752,NMS,,
1225,MTCPY,MTR Corporation Limited,23406745600,PNK,,
1226,FWONA,Formula One Group,23369789440,NMS,,
1227,KUASF,Kuaishou Technology,23367534592,PNK,,
1228,MDIBF,Mediobanca Banca di Credito Finanziario S.p.A.,23360458752,PNK,,
1229,NNGPF,NN Group N.V.,23313741824,PNK,,
1230,BNTX,BioNTech SE,23299205120,NMS,,
1231,FICO,Fair Isaac Corporation,23284842496,NYQ,,
1232,VRSK,"Verisk Analytics, Inc.",23279706112,NMS,,
1233,MTUAY,MTU Aero Engines AG,23264563200,PNK,,
1234,AONNY,"Aeon Co., Ltd.",23239647232,PNK,,
1235,AONNF,"Aeon Co., Ltd.",23211982848,PNK,,
1236,BRO,"Brown & Brown, Inc.",23211921408,NYQ,,
1237,TRMOY,TRMOY,23199754240,PNK,,
1238,EPIPF,Epiroc AB (publ),23170340864,PNK,,
1239,USFD,US Foods Holding Corp.,23127918592,NYQ,,
1240,CIB,Grupo Cibest S.A.,23061559296,NYQ,,
1241,UFGSY,Unipol Assicurazioni S.p.A.,23036655616,PNK,,
1242,LSRCF,Lasertec Corporation,22998331392,PNK,,
1243,L,Loews Corporation,22987894784,NYQ,,
1244,QBEIF,QBE Insurance Group Limited,22978097152,PNK,,
1245,ENTG,"Entegris, Inc.",22960492544,NMS,,
1246,AGPPF,Valterra Platinum Limited,22915082240,PNK,,
1247,VTAGY,Vantage Towers AG,22896203776,PNK,,
1248,NPSCY,Nippon Steel Corporation,22891167744,PNK,,
1249,NESRF,Northern Star Resources Limited,22846750720,PNK,,
1250,VNOM,"Viper Energy, Inc.",22830014464,NMS,,
1251,RAIFF,Raiffeisen Bank International AG,22819463168,PNK,,
1252,SOFI,"SoFi Technologies, Inc.",22809131008,NMS,,
1253,CCHBF,Coca-Cola HBC AG,22786324480,PNK,,
1254,TW,Tradeweb Markets Inc.,22784499712,NMS,,
1255,VACNY,VAT Group AG,22744895488,PNK,,
1256,TEZNY,Terna S.p.A.,22712752128,PNK,,
1257,STE,STERIS plc,22658050048,NYQ,,
1258,CJPRY,Central Japan Railway Company,22652209152,PNK,,
1259,ANGPY,Valterra Platinum Limited,22641692672,PNK,,
1260,JXHGF,"ENEOS Holdings, Inc.",22602426368,PNK,,
1261,OEZVY,VERBUND AG,22582020096,PNK,,
1262,AIPUF,Airports of Thailand Public Company Limited,22571407360,PNK,,
1263,FWONB,Formula One Group,22563762176,OQB,,
1264,AKRBY,Aker BP ASA,22554155008,OQX,,
1265,RL,Ralph Lauren Corporation,22536982528,NYQ,,
1266,DOW,Dow Inc.,22529808384,NYQ,,
1267,CMAKY,"China Minsheng Banking Corp., Ltd.",22512146432,PNK,,
1268,MTZ,"MasTec, Inc.",22495823872,NYQ,,
1269,MKL,Markel Group Inc.,22488889344,NYQ,,
1270,NISTF,Nippon Steel Corporation,22473064448,PNK,,
1271,SNMRF,Snam S.p.A.,22463178752,PNK,,
1272,SGSOY,SGS SA,22447325184,PNK,,
1273,LGGNY,Legal & General Group Plc,22420836352,PNK,,
1274,CCHGY,Coca-Cola HBC AG,22410926080,PNK,,
1275,UNPRF,Uniper SE,22406371328,PNK,,
1276,STZ,"Constellation Brands, Inc.",22375370752,NYQ,,
1277,MTSI,"MACOM Technology Solutions Holdings, Inc.",22367135744,NMS,,
1278,LGGNF,Legal & General Group Plc,22366285824,PNK,,
1279,TERRF,Terna S.p.A.,22349029376,PNK,,
1280,SNMRY,Snam S.p.A.,22316013568,PNK,,
1281,PKG,Packaging Corporation of America,22301302784,NYQ,,
1282,FFIV,"F5, Inc.",22289592320,NMS,,
1283,CMS,CMS Energy Corporation,22282790912,NYQ,,
1284,EDPFY,"EDP, S.A.",22262327296,PNK,,
1285,UTHR,United Therapeutics Corporation,22228959232,NMS,,
1286,ULTA,"Ulta Beauty, Inc.",22214297600,NMS,,
1287,TRATY,Traton SE,22134841344,PNK,,
1288,EXE,Expand Energy Corporation,22097035264,NMS,,
1289,PPERF,PT Bank Mandiri (Persero) Tbk,22062571520,PNK,,
1290,TNABY,Tenaga Nasional Berhad,22048729088,PNK,,
1291,BG,Bunge Global SA,21970743296,NYQ,,
1292,VTWRF,Vantage Towers AG,21944883200,PNK,,
1293,BESVF,BE Semiconductor Industries N.V.,21927587840,PNK,,
1294,TRATF,Traton SE,21859368960,PNK,,
1295,AXIAY,AXIA Energia SA,21858529280,PNK,,
1296,SPXCF,Singapore Exchange Limited,21853239296,OQX,,
1297,LUNMF,Lundin Mining Corporation,21784705024,PNK,,
1298,BCE,BCE Inc.,21783803904,NYQ,,
1299,CGMBF,"China Minsheng Banking Corp., Ltd.",21763033088,PNK,,
1300,THC,Tenet Healthcare Corporation,21757038592,NYQ,,
1301,FTAI,FTAI Aviation Ltd.,21722548224,NMS,,
1302,SFHOY,S F HLDG CO LTD,21719396352,PNK,,
1303,HKHHY,Heineken Holding N.V.,21656119296,OQX,,
1304,WWD,"Woodward, Inc.",21622579200,NMS,,
1305,ASCCY,ASICS Corporation,21607604224,PNK,,
1306,IVBXF,"Innovent Biologics, Inc.",21601345536,PNK,,
1307,CRCCY,CRRC Corporation Limited,21567197184,PNK,,
1308,COCSF,"Coca-Cola FEMSA, S.A.B. de C.V.",21533530112,PNK,,
1309,RS,"Reliance, Inc.",21514389504,NYQ,,
1310,HSAI,Hesai Group,21509625856,NMS,,
1311,GH,"Guardant Health, Inc.",21487489024,NMS,,
1312,JXHLY,"ENEOS Holdings, Inc.",21484283904,PNK,,
1313,PPERY,PT Bank Mandiri (Persero) Tbk,21453594624,PNK,,
1314,IVBIY,Innovent Biologics Inc.,21453367296,PNK,,
1315,GBERY,Geberit AG,21403248640,PNK,,
1316,RIVN,"Rivian Automotive, Inc.",21399379968,NMS,,
1317,NCBDY,BANDAI NAMCO Holdings Inc.,21395968000,PNK,,
1318,AMDUF,Amundi S.A.,21382369280,PNK,,
1319,MTNOY,MTN Group Limited,21372459008,PNK,,
1320,EFX,Equifax Inc.,21363453952,NYQ,,
1321,CJPRF,Central Japan Railway Company,21361051648,PNK,,
1322,SURYY,"Sumitomo Realty & Development Co., Ltd.",21335537664,PNK,,
1323,SQM,Sociedad Química y Minera de Chile S.A.,21271449600,NYQ,,
1324,AXICY,AXIA Energia SA,21243756544,PNK,,
1325,ASCCF,ASICS Corporation,21224792064,PNK,,
1326,IP,International Paper Company,21209274368,NYQ,,
1327,BURL,"Burlington Stores, Inc.",21208377344,NYQ,,
1328,YAHOY,LY Corporation,21204582400,PNK,,
1329,AMCR,Amcor plc,21203173376,NYQ,,
1330,HKHHF,Heineken Holding N.V.,21164435456,OQX,,
1331,ELCPF,"EDP, S.A.",21124339712,PNK,,
1332,SDMHF,Sartorius Stedim Biotech S.A.,21118699520,PNK,,
1333,FIS,"Fidelity National Information Services, Inc.",21118156800,NYQ,,
1334,LYB,LyondellBasell Industries N.V.,21104070656,NYQ,,
1335,TNABF,Tenaga Nasional Berhad,21080127488,PNK,,
1336,CLNXF,"Cellnex Telecom, S.A.",21073387520,PNK,,
1337,LNDMY,Lundin Mining Corporation,21069615104,PNK,,
1338,KSHTY,Kuaishou Technology,21018796032,PNK,,
1339,CHKGF,CK Asset Holdings Limited,20998670336,PNK,,
1340,CKISY,CK Infrastructure Holdings Limited,20984326144,PNK,,
1341,KGSPF,Kingspan Group plc,20972732416,PNK,,
1342,JIAXF,Jiangxi Copper Company Limited,20949659648,PNK,,
1343,CAPMF,Capgemini SE,20942839808,PNK,,
1344,YAHOF,LY Corporation,20930091008,PNK,,
1345,WRTBF,Wärtsilä Oyj Abp,20922996736,PNK,,
1346,BKRIY,Bank of Ireland Group plc,20868589568,PNK,,
1347,SPXCY,Singapore Exchange Limited,20854079488,OQX,,
1348,FDXF,"FedEx Freight Holding Company, Inc.",20817408000,NYQ,,
1349,FOJCY,Fortum Oyj,20816533504,PNK,,
1350,SURDF,"Sumitomo Realty & Development Co., Ltd.",20797992960,PNK,,
1351,BKRIF,Bank of Ireland Group plc,20788434944,PNK,,
1352,LUV,Southwest Airlines Co.,20786456576,NYQ,,
1353,KLBAY,Klabin S.A.,20756668416,PNK,,
1354,BOUYY,Bouygues SA,20756074496,PNK,,
1355,BCH,Banco de Chile,20753958912,NYQ,,
1356,RBRK,"Rubrik, Inc.",20696061952,NYQ,,
1357,IFF,International Flavors & Fragrances Inc.,20667148288,NYQ,,
1358,KGSPY,Kingspan Group plc,20646631424,PNK,,
1359,IPOAF,"Industrias Peñoles, S.A.B. de C.V.",20628992000,PNK,,
1360,CGEMY,Capgemini SE,20584271872,PNK,,
1361,WES,"Western Midstream Partners, LP",20576094208,NYQ,,
1362,U,Unity Software Inc.,20569757696,NYQ,,
1363,EVMNY,Evolution Mining Limited,20507181056,PNK,,
1364,SNA,Snap-on Incorporated,20468940800,NYQ,,
1365,BESIY,BE Semiconductor Industries N.V.,20463902720,PNK,,
1366,LEN,Lennar Corporation,20461633536,NYQ,,
1367,TCMEF,TCMEF,20433176576,PNK,,
1368,TSN,"Tyson Foods, Inc.",20400969728,NYQ,,
1369,SITM,SiTime Corporation,20371550208,NGM,,
1370,VNNVF,Vonovia SE,20362455040,PNK,,
1371,GIS,"General Mills, Inc.",20358690816,NYQ,,
1372,MKSI,MKS Inc.,20301496320,NMS,,
1373,SHWDF,Resonac Holdings Corporation,20296751104,PNK,,
1374,GMAB,Genmab A/S,20257953792,NMS,,
1375,AMCCF,Amcor plc,20227624960,PNK,,
1376,BNDSY,"Banco de Sabadell, S.A.",20215314432,PNK,,
1377,CLLNY,"Cellnex Telecom, S.A.",20215076864,PNK,,
1378,FOJCF,Fortum Oyj,20206395392,PNK,,
1379,TOST,"Toast, Inc.",20201101312,NYQ,,
1380,NI,NiSource Inc.,20199071744,NYQ,,
1381,FCNCB,"First Citizens BancShares, Inc.",20192098304,PNK,,
1382,SRTOY,Sartorius Stedim Biotech S.A.,20185776128,PNK,,
1383,BDRFF,Beiersdorf Aktiengesellschaft,20119379968,PNK,,
1384,LEN-B,Lennar Corporation,20114743296,NYQ,,
1385,CNGKY,CK Asset Holdings Limited,20106225664,PNK,,
1386,MZTFF,Mizrahi Tefahot Bank Ltd.,20052045824,PNK,,
1387,LSRCY,Lasertec Corporation,20036935680,PNK,,
1388,CHTR,"Charter Communications, Inc.",19994241024,NMS,,
1389,BDORY,Banco do Brasil S.A.,19981056000,OID,,
1390,PDRDF,Pernod Ricard SA,19956660224,PNK,,
1391,BKZHY,Erste Bank Polska S.A.,19952461824,PNK,,
1392,CHWRF,China Tower Corporation Limited,19928567808,PNK,,
1393,GXYEF,Galaxy Entertainment Group Limited,19925547008,PNK,,
1394,WRTBY,Wärtsilä Oyj Abp,19897186304,PNK,,
1395,FUWAF,"Furukawa Electric Co., Ltd.",19894880256,PNK,,
1396,YPF,YPF Sociedad Anónima,19870365696,NYQ,,
1397,SAUHY,Straumann Holding AG,19858284544,PNK,,
1398,SHWDY,Resonac Holdings Corporation,19836712960,PNK,,
1399,TISCF,Taisei Corporation,19821907968,PNK,,
1400,PRNDY,Pernod Ricard SA,19818160128,PNK,,
1401,KAOOY,Kao Corporation,19760113664,PNK,,
1402,YAGOY,YAGOY,19719004160,PNK,,
1403,CABHF,Carlsberg A/S,19706857472,PNK,,
1404,GNMSF,Genmab A/S,19667918848,PNK,,
1405,PAAS,Pan American Silver Corp.,19634909184,NYQ,,
1406,BNCDY,Banca Mediolanum S.p.A.,19632893952,PNK,,
1407,FYGGY,"Fuyao Glass Industry Group Co., Ltd.",19614832640,PNK,,
1408,ESS,"Essex Property Trust, Inc.",19556950016,NYQ,,
1409,CRCL,Circle Internet Group,19553175552,NYQ,,
1410,SAUHF,Straumann Holding AG,19549327360,PNK,,
1411,RGLD,"Royal Gold, Inc.",19523840000,NMS,,
1412,IHICY,IHI Corporation,19517581312,PNK,,
1413,VONOY,Vonovia SE,19514019840,PNK,,
1414,INIO,Innio N.V.,19499999232,NMS,,
1415,ETTYF,Essity AB (publ),19489728512,PNK,,
1416,TELNY,Telenor ASA,19459985408,OQX,,
1417,CAOVY,China Overseas Land & Investment Limited,19449057280,PNK,,
1418,BDRFY,Beiersdorf Aktiengesellschaft,19441172480,PNK,,
1419,PZAKY,Powszechny Zaklad Ubezpieczen SA,19406653440,PNK,,
1420,RCI,Rogers Communications Inc.,19399489536,NYQ,,
1421,BR,"Broadridge Financial Solutions, Inc.",19367743488,NYQ,,
1422,BPCGY,"Banco Comercial Português, S.A.",19367174144,PNK,,
1423,GXYYY,Galaxy Entertainment Group Limited,19329968128,PNK,,
1424,CAHPF,Evolution Mining Limited,19329916928,PNK,,
1425,GLPEY,"Galp Energia, SGPS, S.A.",19308267520,PNK,,
1426,JBARF,Julius Bär Gruppe AG,19298609152,PNK,,
1427,ONTO,Onto Innovation Inc.,19279554560,NYQ,,
1428,KPCPF,Kasikornbank Public Company Limited,19262406656,PNK,,
1429,SBAC,SBA Communications Corporation,19244382208,NMS,,
1430,EVRG,"Evergy, Inc.",19233912832,NMS,,
1431,SIELF,"Shanghai Electric Group Co., Ltd.",19182405632,PNK,,
1432,NATKY,National Atomic Company Kazatomprom JSC,19180793856,PNK,,
1433,VTTGF,VAT Group AG,19174510592,PNK,,
1434,BNDSF,"Banco de Sabadell, S.A.",19171330048,PNK,,
1435,WSPOF,WSP Global Inc.,19150934016,PNK,,
1436,KNBHF,Knorr-Bremse AG,19136051200,PNK,,
1437,TELNF,Telenor ASA,19119775744,OQX,,
1438,CABJF,Carlsberg A/S,19118690304,PNK,,
1439,ASBFY,Associated British Foods plc,19111407616,PNK,,
1440,GPOVF,"Grupo Carso, S.A.B. de C.V.",19082196992,PNK,,
1441,EURBF,EUROBANK S A,19052871680,PNK,,
1442,CDE,"Coeur Mining, Inc.",19027077120,NYQ,,
1443,STLA,Stellantis N.V.,19024986112,NYQ,,
1444,KUBTF,Kubota Corporation,18979715072,PNK,,
1445,JBAXY,Julius Bär Gruppe AG,18971445248,PNK,,
1446,EMBVF,"Arca Continental, S.A.B. de C.V.",18968805376,PNK,,
1447,TIIAY,Telecom Italia S.p.A.,18964680704,PNK,,
1448,HUATF,"Huatai Securities Co., Ltd.",18956412928,PNK,,
1449,DWAHF,"Daiwa House Industry Co., Ltd.",18914838528,PNK,,
1450,NWWCF,New China Life Insurance Company Ltd.,18914435072,PNK,,
1451,ZBH,"Zimmer Biomet Holdings, Inc.",18911643648,NYQ,,
1452,SSNC,"SS&C Technologies Holdings, Inc.",18896766976,NMS,,
1453,WIT,Wipro Limited,18894925824,NYQ,,
1454,RCIAF,Rogers Communications Inc.,18880874496,PNK,,
1455,KAOCF,Kao Corporation,18864205824,PNK,,
1456,BMBLF,Brambles Limited,18846720000,PNK,,
1457,SSLZY,Santos Limited,18837084160,PNK,,
1458,MGA,Magna International Inc.,18798618624,NYQ,,
1459,BPCGF,"Banco Comercial Português, S.A.",18787405824,PNK,,
1460,NHYDY,Norsk Hydro ASA,18784851968,OQX,,
1461,DD,"DuPont de Nemours, Inc.",18745315328,NYQ,,
1462,PR,Permian Resources Corporation,18719399936,NYQ,,
1463,YZOFF,Yangtze Optical Fibre And Cable Joint Stock Limited Company,18706558976,PNK,,
1464,NHYKF,Norsk Hydro ASA,18706171904,OQX,,
1465,KGTFF,Krung Thai Bank Public Company Limited,18690961408,PNK,,
1466,SUVPF,Sartorius Aktiengesellschaft,18664073216,PNK,,
1467,JDHIF,JD Health International Inc.,18658756608,PNK,,
1468,KSPI,Joint Stock Company Kaspi.kz,18639773696,NMS,,
1469,BEKE,KE Holdings Inc.,18614071296,NYQ,,
1470,VTRS,Viatris Inc.,18572713984,NMS,,
1471,ERNXY,Euronext N.V.,18566621184,PNK,,
1472,CABGY,Carlsberg A/S,18550349824,PNK,,
1473,KUBTY,Kubota Corporation,18538168320,PNK,,
1474,DQJCF,Pan Pacific International Holdings Corporation,18534764544,PNK,,
1475,PEXNY,PTT Exploration and Production Public Company Limited,18527633408,PNK,,
1476,EWBC,"East West Bancorp, Inc.",18506192896,NMS,,
1477,FUWAY,"Furukawa Electric Co., Ltd.",18501955584,PNK,,
1478,APG,APi Group Corporation,18487816192,NYQ,,
1479,TIAOF,Telecom Italia S.p.A.,18452697088,PNK,,
1480,PBLOF,Public Bank Berhad,18440157184,PNK,,
1481,IHICF,IHI Corporation,18425612288,PNK,,
1482,BKPKF,Bank Polska Kasa Opieki S.A.,18422771712,PNK,,
1483,HLMAF,Halma plc,18398597120,PNK,,
1484,KNRRY,Knorr-Bremse AG,18357454848,PNK,,
1485,SOAGY,Sartorius Aktiengesellschaft,18331656192,PNK,,
1486,HALMY,Halma plc,18298513408,PNK,,
1487,FIGIF,FUYAO GLASS INDUSTRY GROUP CO.,18294302720,PNK,,
1488,BXBLY,Brambles Limited,18292406272,PNK,,
1489,TLSNF,Telia Company AB (publ),18284308480,PNK,,
1490,CAOVF,China Overseas Land & Investment Limited,18277955584,PNK,,
1491,HKHGF,Hongkong Land Holdings Limited,18244411392,PNK,,
1492,GPC,Genuine Parts Company,18182324224,NYQ,,
1493,JARLF,Jardine Matheson Holdings Limited,18155466752,PNK,,
1494,LNT,Alliant Energy Corporation,18144745472,NMS,,
1495,CF,"CF Industries Holdings, Inc.",18118201344,NYQ,,
1496,JMHLY,Jardine Matheson Holdings Limited,18108463104,PNK,,
1497,IDTVF,AB Industrivärden (publ),18096572416,PNK,,
1498,TSCO,Tractor Supply Company,18090514432,NMS,,
1499,NWS,News Corporation,18090094592,NMS,,
1500,WTKWY,Wolters Kluwer N.V.,18075650048,PNK,,
1501,SINGF,Singapore Airlines Limited,18038491136,PNK,,
1502,CCOZF,China Coal Energy Company Limited,18031781888,PNK,,
1503,EUXTF,Euronext N.V.,18023036928,PNK,,
1504,SWPFF,Swire Properties Limited,18012624896,PNK,,
1505,LDOS,"Leidos Holdings, Inc.",18005620736,NYQ,,
1506,JHIUF,James Hardie Industries plc,17996197888,PNK,,
1507,KKPNF,Koninklijke KPN N.V.,17984872448,PNK,,
1508,OVV,Ovintiv Inc.,17984530432,NYQ,,
1509,WLMIY,Wilmar International Limited,17979832320,PNK,,
1510,FTV,Fortive Corporation,17954914304,NYQ,,
1511,CVCCF,CVC Capital Partners plc,17945759744,PNK,,
1512,WOLTF,Wolters Kluwer N.V.,17933076480,PNK,,
1513,TLSNY,Telia Company AB (publ),17930418176,PNK,,
1514,CGNWF,"CGN Power Co., Ltd.",17927006208,PNK,,
1515,KONMY,Konami Group Corporation,17923006464,PNK,,
1516,CIMDF,CIMB Group Holdings Berhad,17910884352,PNK,,
1517,IONQ,"IonQ, Inc.",17874583552,NYQ,,
1518,KPCPY,Kasikornbank Public Company Limited,17829189632,PNK,,
1519,NTNX,"Nutanix, Inc.",17795198976,NMS,,
1520,DWAHY,"Daiwa House Industry Co., Ltd.",17775241216,PNK,,
1521,KAJMF,Kajima Corporation,17769682944,PNK,,
1522,HNGKY,Hongkong Land Holdings Limited,17762721792,PNK,,
1523,AGESY,ageas SA/NV,17755058176,PNK,,
1524,KKPNY,Koninklijke KPN N.V.,17754787840,PNK,,
1525,SONVY,Sonova Holding AG,17750093824,PNK,,
1526,NPPHY,"Nippon Paint Holdings Co., Ltd.",17720678400,PNK,,
1527,VDMCY,Vodacom Group Limited,17694945280,PNK,,
1528,GLPEF,"Galp Energia, SGPS, S.A.",17683623936,PNK,,
1529,SONVF,Sonova Holding AG,17678809088,PNK,,
1530,INVH,Invitation Homes Inc.,17654927360,NYQ,,
1531,LSCC,Lattice Semiconductor Corporation,17641580544,NMS,,
1532,NLY,"Annaly Capital Management, Inc.",17636917248,NYQ,,
1533,ZTO,ZTO Express (Cayman) Inc.,17578967040,NYQ,,
1534,ROL,"Rollins, Inc.",17475201024,NYQ,,
1535,KBDCF,Kingboard Holdings Limited,17387618304,PNK,,
1536,NCBDF,BANDAI NAMCO Holdings Inc.,17387431936,PNK,,
1537,NBGIF,National Bank of Greece S.A.,17379588096,PNK,,
1538,BKNIY,"Bankinter, S.A.",17372026880,PNK,,
1539,NBGRY,National Bank of Greece S.A.,17361293312,PNK,,
1540,VODAF,Vodacom Group Limited,17347227648,PNK,,
1541,ZBRA,Zebra Technologies Corporation,17335572480,NMS,,
1542,KEY-PK,KeyCorp,17308792832,NYQ,,
1543,AZRGF,Azrieli Group Ltd.,17307840512,PNK,,
1544,RBC,RBC Bearings Incorporated,17274867712,NYQ,,
1545,BEN,Franklin Templeton Inc.,17269534720,NYQ,,
1546,IEX,IDEX Corporation,17262252032,NYQ,,
1547,PKX,POSCO Holdings Inc.,17247586304,NYQ,,
1548,CG,The Carlyle Group Inc.,17235816448,NMS,,
1549,FCBBF,FinecoBank Banca Fineco S.p.A.,17223325696,PNK,,
1550,SEGXF,SEGRO Plc,17182992384,PNK,,
1551,ASUUY,ASUSTeK Computer Inc.,17154724864,PNK,,
1552,DKS,"DICK'S Sporting Goods, Inc.",17141526528,NYQ,,
1553,WF,Woori Financial Group Inc.,17128254464,NYQ,,
1554,HALFF,HAL Trust,17127589888,PNK,,
1555,SINGY,Singapore Airlines Limited,17123951616,PNK,,
1556,UNBLF,Unibail-Rodamco-Westfield SE,17120004096,PNK,,
1557,KPCUF,Kasikornbank Public Company Limited,17082852352,PNK,,
1558,EDRVF,"EDP Renewables, S.A.",17082347520,PNK,,
1559,NPNYY,Nippon Yusen Kabushiki Kaisha,17070425088,PNK,,
1560,JLL,Jones Lang LaSalle Incorporated,17070238720,NYQ,,
1561,PAA,"Plains All American Pipeline, L",17067653120,NMS,,
1562,AAFRF,Airtel Africa Plc,17066665984,PNK,,
1563,BKZHF,Erste Bank Polska S.A.,17057644544,PNK,,
1564,FNBKY,FinecoBank Banca Fineco S.p.A.,17045282816,PNK,,
1565,URMCY,Unibail-Rodamco-Westfield SE,17033321472,PNK,,
1566,WY,Weyerhaeuser Company,17016577024,NYQ,,
1567,WCC,"WESCO International, Inc.",17015564288,NYQ,,
1568,DINO,HF Sinclair Corporation,17013914624,NYQ,,
1569,JHX,James Hardie Industries plc,17003504640,NYQ,,
1570,KGTFY,Krung Thai Bank Public Company Limited,16980914176,PNK,,
1571,STRL,"Sterling Infrastructure, Inc.",16969286656,NMS,,
1572,TRMLF,Tourmaline Oil Corp.,16950805504,PNK,,
1573,NDSN,Nordson Corporation,16949956608,NMS,,
1574,STGPF,Scentre Group,16949039104,PNK,,
1575,HLDVF,Henderson Land Development Company Limited,16944855040,PNK,,
1576,NRILY,"Nomura Research Institute, Ltd.",16942041088,PNK,,
1577,SWOBY,Swedish Orphan Biovitrum AB (publ),16919391232,PNK,,
1578,CHRW,"C.H. Robinson Worldwide, Inc.",16904870912,NMS,,
1579,ELIAF,Elia Group SA/NV,16889997312,PNK,,
1580,KNAMF,Konami Group Corporation,16878137344,PNK,,
1581,CDW,CDW Corporation,16873602048,NMS,,
1582,CLH,"Clean Harbors, Inc.",16865525760,NYQ,,
1583,HLDCY,Henderson Land Development Company Limited,16848026624,PNK,,
1584,H,Hyatt Hotels Corporation,16841989120,NYQ,,
1585,DIDIY,DiDi Global Inc.,16813036544,PNK,,
1586,BIOVF,Swedish Orphan Biovitrum AB (publ),16809026560,PNK,,
1587,TYNPF,Nippon Sanso Holdings Corporation,16798171136,PNK,,
1588,AARTY,Airtel Africa Plc,16779799552,PNK,,
1589,ARNNY,ASR Nederland N.V.,16773801984,PNK,,
1590,NVR,"NVR, Inc.",16734091264,NYQ,,
1591,KAEPY,"The Kansai Electric Power Company, Incorporated",16733131776,PNK,,
1592,J,Jacobs Solutions Inc.,16720135168,NYQ,,
1593,EDRVY,"EDP Renewables, S.A.",16690257920,PNK,,
1594,KAEPF,"The Kansai Electric Power Company, Incorporated",16599444480,PNK,,
1595,DQJCY,Pan Pacific International Holdings Corporation,16576658432,PNK,,
1596,MPFRF,"Mapfre, S.A.",16574331904,PNK,,
1597,RPGRY,REA Group Limited,16572086272,PNK,,
1598,AKAM,"Akamai Technologies, Inc.",16556152832,NMS,,
1599,CMSQY,Computershare Limited,16547654656,PNK,,
1600,GEN,Gen Digital Inc.,16544944128,NMS,,
1601,WLMIF,Wilmar International Limited,16543944704,PNK,,
1602,STOSF,Santos Limited,16531165184,PNK,,
1603,HGKGY,Power Assets Holdings Limited,16516065280,PNK,,
1604,MEDP,"Medpace Holdings, Inc.",16476250112,NMS,,
1605,ZTCOF,ZTE Corporation,16455421952,PNK,,
1606,SOMLF,"SECOM CO., LTD.",16438535168,PNK,,
1607,NPXYY,Nippon Sanso Holdings Corp.,16431111168,PNK,,
1608,JAZZ,Jazz Pharmaceuticals plc,16427932672,NMS,,
1609,PFGC,Performance Food Group Company,16420355072,NYQ,,
1610,NURAF,"Nomura Research Institute, Ltd.",16399133696,PNK,,
1611,RTRZY,RTRZY,16342837248,PNK,,
1612,BALL,Ball Corporation,16324255744,NYQ,,
1613,ASND,Ascendis Pharma A/S,16322777088,NMS,,
1614,RPGRF,REA Group Limited,16285502464,PNK,,
1615,IVTBF,Investment AB Latour (publ),16277042176,PNK,,
1616,KGBLY,Kingboard Laminates Holdings Limited,16261482496,PNK,,
1617,KIM,Kimco Realty Corporation (HC),16246517760,NYQ,,
1618,BSAC,Banco Santander-Chile,16225211392,NYQ,,
1619,BBIO,"BridgeBio Pharma, Inc.",16222009344,NMS,,
1620,HOKCF,The Hong Kong and China Gas Company Limited,16210762752,PNK,,
1621,SMMYY,"Sumitomo Metal Mining Co., Ltd.",16205918208,PNK,,
1622,WPC,W. P. Carey Inc.,16183427072,NYQ,,
1623,SCHYF,Sands China Ltd.,16134007808,PNK,,
1624,CNH,CNH Industrial N.V.,16129831936,NYQ,,
1625,ALMMF,Aluminum Corporation of China Limited,16125673472,PNK,,
1626,FLUT,Flutter Entertainment plc,16120047616,NYQ,,
1627,STMNF,"Sumitomo Metal Mining Co., Ltd.",16106577920,PNK,,
1628,BNMDF,Banca Mediolanum S.p.A.,16039703552,PNK,,
1629,PWZYF,Powszechny Zaklad Ubezpieczen SA,16028971008,PNK,,
1630,YUMC,"Yum China Holdings, Inc.",16008514560,NYQ,,
1631,RYKKY,"Ryohin Keikaku Co., Ltd.",16003910656,PNK,,
1632,SBS,Companhia de Saneamento Básico do Estado de São Paulo - SABESP,16001011712,NYQ,,
1633,PS,Pershing Square Inc.,15964000256,NYQ,,
1634,RGA,"Reinsurance Group of America, Incorporated",15961032704,NYQ,,
1635,ARMK,Aramark,15949315072,NYQ,,
1636,HST,"Host Hotels & Resorts, Inc.",15923130368,NMS,,
1637,PTC,PTC Inc.,15893997568,NMS,,
1638,RBA,"RB Global, Inc.",15882752000,NYQ,,
1639,NWSA,News Corporation,15875420160,NMS,,
1640,ROXIF,Caspian Sunrise plc,15872829440,PNK,,
1641,CXMSF,"CEMEX, S.A.B. de C.V.",15872478208,PNK,,
1642,SOMLY,"SECOM CO., LTD.",15861181440,PNK,,
1643,HOKCY,The Hong Kong and China Gas Company Limited,15860890624,PNK,,
1644,YZCAY,Yankuang Energy Group Company Limited,15858226176,OQX,,
1645,KPELF,Keppel Ltd.,15840189440,PNK,,
1646,PETFF,PTT Public Company Limited,15829835776,PNK,,
1647,EMA,Emera Incorporated,15805939712,NYQ,,
1648,PNFP,"Pinnacle Financial Partners, Inc.",15795804160,NYQ,,
1649,JDHIY,JD Health International Inc.,15788178432,PNK,,
1650,PHYS,Sprott Physical Gold Trust,15740056576,ASE,,
1651,CTTAF,Continental Aktiengesellschaft,15726871552,PNK,,
1652,IPSEY,Ipsen S.A.,15717484544,PNK,,
1653,KWHIF,"Kawasaki Heavy Industries, Ltd.",15691356160,PNK,,
1654,NBIX,"Neurocrine Biosciences, Inc.",15677352960,NMS,,
1655,ALB,Albemarle Corporation,15660451840,NYQ,,
1656,BAWAY,BAWAG Group AG,15659653120,PNK,,
1657,GFSEF,GFSEF,15649690624,PNK,,
1658,AMIGF,Admiral Group plc,15635564544,PNK,,
1659,SHTLF,South32 Limited,15633790976,PNK,,
1660,SCRNY,"SCREEN Holdings Co., Ltd.",15628109824,PNK,,
1661,CTTAY,Continental Aktiengesellschaft,15620466688,PNK,,
1662,ASRRF,ASR NEDERLAND NV,15593499648,PNK,,
1663,EBCOF,Ebara Corporation,15583494144,PNK,,
1664,DINRF,"SCREEN Holdings Co., Ltd.",15552473088,PNK,,
1665,NPCPF,"Nippon Paint Holdings Co., Ltd.",15527628800,PNK,,
1666,KPELY,Keppel Ltd.,15525185536,PNK,,
1667,WCPRF,Whitecap Resources Inc.,15502725120,OQX,,
1668,MAA,"Mid-America Apartment Communities, Inc.",15485516800,NYQ,,
1669,KWHIY,"Kawasaki Heavy Industries, Ltd.",15433763840,PNK,,
1670,BDNNY,Boliden AB (publ),15420581888,PNK,,
1671,LAMR,Lamar Advertising Company,15407117312,NMS,,
1672,LBGUF,L E Lundbergföretagen AB (publ),15376000000,PNK,,
1673,SKCBY,Shinkin Central Bank,15370011648,PNK,,
1674,LECO,"Lincoln Electric Holdings, Inc.",15368987648,NMS,,
1675,CMSQF,Computershare Limited,15344609280,PNK,,
1676,OUKPY,Metso Oyj,15336662016,PNK,,
1677,ULS,UL Solutions Inc.,15336184832,NYQ,,
1678,CJEWF,Chow Tai Fook Jewellery Group Limited,15332278272,PNK,,
1679,SOUHY,South32 Limited,15332234240,PNK,,
1680,CLPBY,Coloplast A/S,15302496256,PNK,,
1681,EVVTY,Evolution AB (publ),15289165824,PNK,,
1682,PTXLF,PTT Exploration and Production Public Company Limited,15286363136,PNK,,
1683,DSEEY,Daiwa Securities Group Inc.,15260369920,PNK,,
1684,BWAGF,BAWAG Group AG,15245708288,PNK,,
1685,KGHPF,KGHM Polska Miedz S.A.,15244000256,PNK,,
1686,SGIOF,"Shionogi & Co., Ltd.",15236064256,PNK,,
1687,TU,TELUS Corporation,15230251008,NYQ,,
1688,TRU,TransUnion,15226451968,NYQ,,
1689,FUTU,Futu Holdings Limited,15222319104,NGM,,
1690,TLN,Talen Energy Corporation,15220444160,NMS,,
1691,GJNSY,Gjensidige Forsikring ASA,15198909440,PNK,,
1692,IFJPY,Informa plc,15197763584,PNK,,
1693,SUI,"Sun Communities, Inc.",15183803392,NYQ,,
1694,SSSGY,Sartorius Aktiengesellschaft,15168197632,PNK,,
1695,SITIY,SITC International Holdings Company Limited,15138817024,PNK,,
1696,LUGDF,Lundin Gold Inc.,15138728960,OQX,,
1697,IFPJF,Informa plc,15129051136,PNK,,
1698,BWXT,"BWX Technologies, Inc.",15118542848,NYQ,,
1699,IHHHF,IHH Healthcare Berhad,15109822464,PNK,,
1700,GIB,CGI Inc.,15104080896,NYQ,,
1701,ASBRF,"Asahi Group Holdings, Ltd.",15065421824,PNK,,
1702,KRYAY,Kerry Group plc,15042782208,OID,,
1703,KNBWY,"Kirin Holdings Company, Limited",15029368832,PNK,,
1704,TDHOY,"T&D Holdings, Inc.",15026962432,PNK,,
1705,GPFOF,"Grupo Financiero Inbursa, S.A.B. de C.V.",15025079296,PNK,,
1706,BLIDF,Boliden AB (publ),15021615104,PNK,,
1707,IREN,IREN Limited,15009904640,NMS,,
1708,LFCBY,Lifco AB (publ),14989137920,PNK,,
1709,MONRF,Moncler S.p.A.,14986633216,PNK,,
1710,TXT,Textron Inc.,14985219072,NYQ,,
1711,KRYAF,Kerry Group plc,14979210240,OID,,
1712,CLPBF,Coloplast A/S,14937400320,PNK,,
1713,SGIOY,"Shionogi & Co., Ltd.",14929641472,PNK,,
1714,HUNGF,"Huaneng Power International, Inc.",14928191488,PNK,,
1715,EFGSF,Eiffage SA,14921479168,PNK,,
1716,MKC-V,"McCormick & Company, Incorporated",14910507008,NYQ,,
1717,TGVSY,Tryg A/S,14897446912,PNK,,
1718,JRONF,"Jerónimo Martins, SGPS, S.A.",14893891584,PNK,,
1719,SCHYY,Sands China Ltd.,14889721856,PNK,,
1720,SOLV,Solventum Corporation,14886064128,NYQ,,
1721,NDEKF,Nitto Denko Corporation,14884286464,PNK,,
1722,MKC,"McCormick & Company, Incorporated",14862113792,NYQ,,
1723,SWK,"Stanley Black & Decker, Inc.",14860037120,NYQ,,
1724,APA,APA Corporation,14842642432,NMS,,
1725,LFABF,Lifco AB (publ),14839244800,PNK,,
1726,NMPGY,"Navios Maritime Holdings, Inc.",14837192704,PNK,,
1727,EBCOY,Ebara Corporation,14836652032,PNK,,
1728,OHI,"Omega Healthcare Investors, Inc.",14828165120,NYQ,,
1729,GWRE,"Guidewire Software, Inc.",14799651840,NYQ,,
1730,MONRY,Moncler S.p.A.,14793521152,PNK,,
1731,KNBWF,"Kirin Holdings Company, Limited",14787909632,PNK,,
1732,TLKMF,Perusahaan Perseroan (Persero) PT Telekomunikasi Indonesia Tbk,14787141632,PNK,,
1733,GRBMF,"Grupo Bimbo, S.A.B. de C.V.",14779217920,OQX,,
1734,CRBG,"Corebridge Financial, Inc.",14763855872,NYQ,,
1735,BLHWF,BELIMO Holding AG,14759962624,PNK,,
1736,COVTY,Covestro AG,14756121600,PNK,,
1737,SKM,"SK Telecom Co., Ltd.",14745143296,NYQ,,
1738,MSLOY,"Mitsui O.S.K. Lines, Ltd.",14734433280,PNK,,
1739,EVGGF,Evolution AB (publ),14734355456,PNK,,
1740,DOCN,"DigitalOcean Holdings, Inc.",14726839296,NYQ,,
1741,IGIFF,IGM Financial Inc.,14726081536,PNK,,
1742,IESC,"IES Holdings, Inc.",14719915008,NGM,,
1743,SARTF,Sartorius Aktiengesellschaft,14694327296,PNK,,
1744,KAJMY,Kajima Corporation,14676698112,PNK,,
1745,BMBOY,"Grupo Bimbo, S.A.B. de C.V.",14639588352,OQX,,
1746,SNMCY,Suncorp Group Limited,14628709376,PNK,,
1747,JBS,JBS N.V.,14628641792,NYQ,,
1748,ASBHY,ASBHY,14626622464,PNK,,
1749,TIGO,Millicom International Cellular S.A.,14622635008,NMS,,
1750,OGFGY,Origin Energy Limited,14617512960,PNK,,
1751,PMCUF,Pro Medicus Limited,14615751680,PNK,,
1752,GFL,GFL Environmental Inc.,14612450304,NYQ,,
1753,OUKPF,Metso Oyj,14607921152,PNK,,
1754,LYTHF,Lytus Technologies Holdings PTV. Ltd.,14598749184,PNK,,
1755,MPFRY,"Mapfre, S.A.",14594620416,PNK,,
1756,SIELY,"Shanghai Electric Group Co., Ltd.",14584389632,PNK,,
1757,YSHLF,Yangzijiang Shipbuilding (Holdings) Ltd.,14581665792,PNK,,
1758,NYUKF,Nippon Yusen Kabushiki Kaisha,14560306176,PNK,,
1759,SUN,Sunoco LP,14522940416,NYQ,,
1760,NEXOY,"NEXON Co., Ltd.",14502700032,PNK,,
1761,CACI,CACI International Inc,14498624512,NYQ,,
1762,DOC,"Healthpeak Properties, Inc.",14490882048,NYQ,,
1763,KEP,Korea Electric Power Corporation,14482709504,NYQ,,
1764,PRBKY,Piraeus Bank S.A.,14476036096,OID,,
1765,MAS,Masco Corporation,14469612544,NYQ,,
1766,WCRIY,WCRIY,14469210112,OID,,
1767,FSPKF,Fisher & Paykel Healthcare Corporation Limited,14417945600,PNK,,
1768,TLK,"PT Telekomunikasi Indonesia, Tb",14402674688,NYQ,,
1769,TME,Tencent Music Entertainment Group,14391636992,NYQ,,
1770,JDEPY,JDE Peet's NV,14319964160,PNK,,
1771,DT,"Dynatrace, Inc.",14296673280,NYQ,,
1772,IVZ,Invesco Ltd.,14295770112,NYQ,,
1773,OSGSF,OSGSF,14264038400,PNK,,
1774,MLI,"Mueller Industries, Inc.",14261777408,NYQ,,
1775,TDHOF,"T&D Holdings, Inc.",14251553792,PNK,,
1776,REG,Regency Centers Corporation,14244386816,NMS,,
1777,UUGRY,United Utilities Group PLC,14233274368,PNK,,
1778,UNM,Unum Group,14210590720,NYQ,,
1779,LII,"Lennox International, Inc.",14206164992,NYQ,,
1780,PAG,"Penske Automotive Group, Inc.",14196970496,NYQ,,
1781,DFKCY,"Daifuku Co., Ltd.",14181351424,PNK,,
1782,RYKKF,"Ryohin Keikaku Co., Ltd.",14177096704,PNK,,
1783,NDEKY,Nitto Denko Corporation,14163225600,PNK,,
1784,TGVSF,Tryg A/S,14152573952,PNK,,
1785,CSL,Carlisle Companies Incorporated,14152527872,NYQ,,
1786,UHAL,U-Haul Holding Company,14144006144,NYQ,,
1787,AEGOF,Aegon Ltd.,14135569408,PNK,,
1788,MOG-B,Moog Inc.,14123757568,NYQ,,
1789,ARCC,Ares Capital Corporation,14123509760,NMS,,
1790,HTHT,H World Group Limited,14121492480,NMS,,
1791,GRAB,Grab Holdings Limited,14114992128,NMS,,
1792,RPM,RPM International Inc.,14110934016,NYQ,,
1793,BVVBY,Bureau Veritas SA,14099914752,PNK,,
1794,IAUGF,Insurance Australia Group Limited,14097857536,PNK,,
1795,EG,"Everest Group, Ltd.",14086354944,NYQ,,
1796,LOGI,Logitech International S.A.,14076845056,NMS,,
1797,ERFSF,Eurofins Scientific SE,14066979840,PNK,,
1798,OCPNF,Olympus Corporation,14029655040,PNK,,
1799,OLYMY,Olympus Corporation,14029655040,PNK,,
1800,QXO,"QXO, Inc.",14006124544,NYQ,,
1801,NXT,Nextpower Inc.,14004135936,NMS,,
1802,LNTCY,LENS TECHNOLOGY CO LTD.,14001859584,PNK,,
1803,BBSEY,BB Seguridade Participações S.A.,13976988672,PNK,,
1804,AHKSY,Asahi Kasei Corporation,13969086464,PNK,,
1805,SHKLY,Sinotruk (Hong Kong) Limited,13933629440,PNK,,
1806,OSCUF,"Japan Exchange Group, Inc.",13932275712,PNK,,
1807,W,Wayfair Inc.,13928283136,NYQ,,
1808,AEG,Aegon Ltd.,13913776128,NYQ,,
1809,BVRDF,Bureau Veritas SA,13877868544,PNK,,
1810,EQH,"Equitable Holdings, Inc.",13867412480,NYQ,,
1811,FIG,"Figma, Inc.",13863586816,NYQ,,
1812,UPMMY,UPM-Kymmene Oyj,13863349248,PNK,,
1813,MOG-A,Moog Inc.,13862787072,NYQ,,
1814,PIRBF,Piraeus Bank S.A.,13847713792,OQX,,
1815,DTM,"DT Midstream, Inc.",13844496384,NYQ,,
1816,BWA,BorgWarner Inc.,13839127552,NYQ,,
1817,GL,Globe Life Inc.,13826978816,NYQ,,
1818,JPXGY,"Japan Exchange Group, Inc.",13820247040,PNK,,
1819,PEXUF,PTT Exploration and Production Public Company Limited,13815548928,PNK,,
1820,AIZ,"Assurant, Inc.",13814108160,NYQ,,
1821,SNMYF,Suncorp Group Limited,13812469760,PNK,,
1822,BLMOY,Belimo Holding AG,13775965184,PNK,,
1823,AGI,Alamos Gold Inc.,13772088320,NYQ,,
1824,DAIUF,"Daifuku Co., Ltd.",13771916288,PNK,,
1825,MAIR,Madison Air Solutions Corporation,13767269376,NYQ,,
1826,UPMKF,UPM-Kymmene Oyj,13763156992,PNK,,
1827,WMG,Warner Music Group Corp.,13757786112,NMS,,
1828,MMLTF,MMG Limited,13745673216,PNK,,
1829,BOLSY,"B3 S.A. - Brasil, Bolsa, Balcão",13725056000,PNK,,
1830,EMBJ,Embraer S.A.,13717021696,NYQ,,
1831,AETUF,ARC Resources Ltd.,13705467904,PNK,,
1832,SKHSY,"Sekisui House, Ltd.",13703755776,OID,,
1833,FMCQF,Fresenius Medical Care AG,13688681472,PNK,,
1834,EFGSY,Eiffage SA,13661199360,PNK,,
1835,SYIEY,Symrise AG,13652170752,PNK,,
1836,AMKR,"Amkor Technology, Inc.",13625134080,NMS,,
1837,CNA,CNA Financial Corporation,13619345408,NYQ,,
1838,TYL,"Tyler Technologies, Inc.",13604754432,NYQ,,
1839,PRDSF,Prada S.p.A.,13600974848,PNK,,
1840,ALLE,Allegion plc,13591429120,NYQ,,
1841,CVVTF,Covestro AG,13517385728,PNK,,
1842,LULU,lululemon athletica inc.,13514052608,NMS,,
1843,SYIEF,Symrise AG,13512247296,PNK,,
1844,SITIF,SITC International Holdings Company Limited,13480044544,PNK,,
1845,PRDSY,Prada S.p.A.,13479157760,PNK,,
1846,AVY,Avery Dennison Corporation,13468311552,NYQ,,
1847,KLPPY,Klépierre SA,13464947712,PNK,,
1848,CRL,Charles River Laboratories Inte,13447948288,NYQ,,
1849,SGI,Somnigroup International Inc.,13440250880,NYQ,,
1850,ERIE,Erie Indemnity Company,13435882496,NMS,,
1851,BAX,Baxter International Inc.,13410876416,NYQ,,
1852,DPLMF,Diploma PLC,13409483776,PNK,,
1853,WHGLY,WH Group Limited,13377718272,PNK,,
1854,OSGSY,"Osaka Gas Co., Ltd.",13371825152,PNK,,
1855,WHGRF,WH Group Limited,13368733696,PNK,,
1856,EQX,Equinox Gold Corp.,13367414784,ASE,,
1857,TXRH,"Texas Roadhouse, Inc.",13350708224,NMS,,
1858,CRDIY,"Yokohama Financial Group, Inc.",13346065408,PNK,,
1859,RNR,RenaissanceRe Holdings Ltd.,13326522368,NYQ,,
1860,CHKP,Check Point Software Technologies Ltd.,13304732672,NMS,,
1861,ARXCY,Arc Resources Ltd.,13298038784,PNK,,
1862,TRMB,Trimble Inc.,13288919040,NMS,,
1863,EDVMF,Endeavour Mining plc,13280517120,OQX,,
1864,ALLY,Ally Financial Inc.,13272231936,NYQ,,
1865,ISDAY,Israel Discount Bank Limited,13269148672,PNK,,
1866,HAS,"Hasbro, Inc.",13256768512,NMS,,
1867,TTMI,"TTM Technologies, Inc.",13243405312,NMS,,
1868,SVNWF,SGH Limited,13227441152,PNK,,
1869,AA,Alcoa Corporation,13200750592,NYQ,,
1870,TKGBF,Turkiye Garanti Bankasi A.S.,13194719232,OQX,,
1871,FIVE,"Five Below, Inc.",13188494336,NMS,,
1872,MTRAF,Metro Inc.,13175450624,PNK,,
1873,EXEL,"Exelixis, Inc.",13162163200,NMS,,
1874,PSLV,Sprott Physical Silver Trust,13160694784,ASE,,
1875,AHKSF,Asahi Kasei Corporation,13145011200,PNK,,
1876,GGG,Graco Inc.,13119879168,NYQ,,
1877,IAFNF,iA Financial Corporation Inc.,13112782848,PNK,,
1878,GOFPY,Allwyn AG,13106851840,PNK,,
1879,OBYCF,Obayashi Corporation,13095378944,PNK,,
1880,DPMAY,Diploma PLC,13066201088,PNK,,
1881,PINS,"Pinterest, Inc.",13059178496,NYQ,,
1882,SNLAF,Sino Land Company Limited,13037152256,PNK,,
1883,PMDIY,PRO MEDICUS UNSPON ADS EACH REP,13024792576,PNK,,
1884,CRRFY,Carrefour SA,13020084224,PNK,,
1885,AIT,Applied Industrial Technologies,13004239872,NYQ,,
1886,FNF,"Fidelity National Financial, Inc.",12999307264,NYQ,,
1887,CTGDF,China Tourism Group Duty Free Corporation Limited,12986228736,PNK,,
1888,SNNUF,Smith & Nephew plc,12972868608,PNK,,
1889,BMRN,BioMarin Pharmaceutical Inc.,12967505920,NMS,,
1890,AGNC,AGNC Investment Corp.,12945458176,NMS,,
1891,SGGEF,The Sage Group plc,12942540800,PNK,,
1892,OGFGF,Origin Energy Limited,12939109376,PNK,,
1893,WSO,"Watsco, Inc.",12938749952,NYQ,,
1894,DELHY,Delivery Hero SE,12932208640,PNK,,
1895,ELS,"Equity LifeStyle Properties, Inc.",12930948096,NYQ,,
1896,SKHSF,"Sekisui House, Ltd.",12923277312,OID,,
1897,CPAMF,CapitaLand Integrated Commercial Trust,12922909696,PNK,,
1898,ZTOEF,ZTOEF,12920123392,PNK,,
1899,LKREF,Link Real Estate Investment Trust,12918064128,PNK,,
1900,KLPEF,Klépierre SA,12910002176,PNK,,
1901,FELTY,"Fuji Electric Co., Ltd.",12893938688,PNK,,
1902,IAUGY,Insurance Australia Group Limited,12891472896,PNK,,
1903,SGPYY,The Sage Group plc,12890932224,PNK,,
1904,WSO-B,"Watsco, Inc.",12888835072,NYQ,,
1905,ICLR,ICON Public Limited Company,12888610816,NMS,,
1906,ISDAF,Israel Discount Bank Limited,12877620224,PNK,,
1907,SEIC,SEI Investments Company,12832450560,NMS,,
1908,TRYIF,"Toray Industries, Inc.",12804060160,PNK,,
1909,STRNY,Severn Trent PLC,12797511680,PNK,,
1910,ACXIF,"Acciona, S.A.",12795676672,PNK,,
1911,VARRY,Vår Energi ASA,12793280512,PNK,,
1912,PEN,"Penumbra, Inc.",12791715840,NYQ,,
1913,TMTNF,Toromont Industries Ltd.,12782516224,PNK,,
1914,ISMAY,"Indra Sistemas, S.A.",12779766784,PNK,,
1915,CORT,Corcept Therapeutics Incorporated,12766420992,NCM,,
1916,CLX,Clorox Company (The),12764268544,NYQ,,
1917,BF-A,Brown-Forman Corporation,12756425728,NYQ,,
1918,OROVY,Orient Overseas (International) Limited,12753128448,PNK,,
1919,AEOXF,Aeroports de Paris SA,12731010048,PNK,,
1920,CHUEF,"Chubu Electric Power Company, Incorporated",12728381440,PNK,,
1921,CSGP,"CoStar Group, Inc.",12715100160,NMS,,
1922,CCK,"Crown Holdings, Inc.",12709753856,NYQ,,
1923,NGKSY,"Niterra Co., Ltd.",12698970112,PNK,,
1924,RVTY,"Revvity, Inc.",12692953088,NYQ,,
1925,SJM,The J. M. Smucker Company,12665361408,NYQ,,
1926,DLVHF,Delivery Hero SE,12659775488,PNK,,
1927,CRERF,Carrefour SA,12652124160,PNK,,
1928,SNN,Smith & Nephew plc,12650223616,NYQ,,
1929,SF,Stifel Financial Corporation,12643375104,NYQ,,
1930,WBS,Webster Financial Corporation,12633747456,NYQ,,
1931,ARRPY,Aeroports de Paris SA,12609809408,PNK,,
1932,WRFRF,Wharf Real Estate Investment Company Limited,12600343552,PNK,,
1933,SMTC,Semtech Corporation,12596832256,NMS,,
1934,AEIS,"Advanced Energy Industries, Inc.",12593059840,NMS,,
1935,COKE,"Coca-Cola Consolidated, Inc.",12556688384,NMS,,
1936,WTS,"Watts Water Technologies, Inc.",12545349632,NYQ,,
1937,FMS,Fresenius Medical Care AG,12539087872,NYQ,,
1938,ACRFF,Accor SA,12531099648,PNK,,
1939,KEYUF,Keyera Corp.,12529946624,PNK,,
1940,HII,"Huntington Ingalls Industries,",12515294208,NYQ,,
1941,HAGHY,Hensoldt AG,12497100800,PNK,,
1942,GNRC,Generac Holdings Inc.,12483385344,NYQ,,
1943,UHAL-B,U-Haul Holding Company,12478395392,NYQ,,
1944,MIUFY,Mitsubishi HC Capital Inc.,12474056704,PNK,,
1945,WSE,Wise Group plc,12463851520,NMS,,
1946,CCRDF,"Yokohama Financial Group, Inc.",12462441472,PNK,,
1947,BF-B,Brown-Forman Corporation,12458164224,NYQ,,
1948,PUPOF,Public Power Corporation S.A.,12452123648,PNK,,
1949,SKFRY,AB SKF (publ),12444744704,PNK,,
